Date,Open,High,Low,Close,Volume,Adj Close
2010-05-06,64915.00,65533.00,60774.00,63414.00,3207600,63414.00
2010-05-05,64859.00,65612.00,63533.00,64914.00,2681200,64914.00
2010-05-04,67116.00,67116.00,64588.00,64869.00,2820000,64869.00
2010-05-03,67534.00,67969.00,66723.00,67119.00,1776000,67119.00
2010-04-30,67975.00,67975.00,67243.00,67530.00,2120200,67530.00
2010-04-29,66661.00,68012.00,66661.00,67978.00,1609400,67978.00
2010-04-28,66513.00,67253.00,65914.00,66656.00,1855600,66656.00
2010-04-27,68868.00,68868.00,66499.00,66511.00,2062200,66511.00
2010-04-26,69509.00,69810.00,68813.00,68872.00,1179400,68872.00
2010-04-23,69388.00,69709.00,68832.00,69509.00,1366800,69509.00
2010-04-22,69313.00,69528.00,68081.00,69386.00,1787200,69386.00
2010-04-20,69101.00,69702.00,69101.00,69318.00,1750200,69318.00
2010-04-19,69418.00,69431.00,68378.00,69098.00,1722000,69098.00
2010-04-16,70522.00,70522.00,69013.00,69421.00,2043800,69421.00
2010-04-15,71036.00,71066.00,70429.00,70524.00,2264600,70524.00
2010-04-14,70794.00,71207.00,70628.00,71035.00,1758800,71035.00
2010-04-13,70618.00,71053.00,70169.00,70792.00,1634200,70792.00
2010-04-12,71414.00,71607.00,70505.00,70614.00,1471600,70614.00
2010-04-09,71783.00,71989.00,71307.00,71417.00,1680000,71417.00
2010-04-08,70793.00,71805.00,70462.00,71785.00,1701800,71785.00
2010-04-07,71092.00,71257.00,70531.00,70793.00,1720400,70793.00
2010-04-06,71290.00,71711.00,70823.00,71096.00,1697000,71096.00
2010-04-05,71148.00,71645.00,71148.00,71290.00,1316000,71290.00
2010-04-01,70375.00,71401.00,70373.00,71136.00,1552800,71136.00
2010-03-31,69960.00,70392.00,69573.00,70372.00,1676800,70372.00
2010-03-30,69942.00,70451.00,69750.00,69960.00,1490000,69960.00
2010-03-29,68681.00,69943.00,68681.00,69939.00,1528000,69939.00
2010-03-26,68442.00,68910.00,68024.00,68683.00,1771400,68683.00
2010-03-25,68916.00,69572.00,68377.00,68442.00,1478400,68442.00
2010-03-24,69382.00,69677.00,68744.00,68913.00,1597400,68913.00
2010-03-23,69049.00,69613.00,68913.00,69387.00,1606600,69387.00
2010-03-22,68814.00,69121.00,67899.00,69042.00,1395200,69042.00
2010-03-19,69701.00,69998.00,68773.00,68829.00,1957400,68829.00
2010-03-18,69726.00,70128.00,68972.00,69697.00,1656200,69697.00
2010-03-17,69945.00,70424.00,69376.00,69723.00,1372000,69723.00
2010-03-16,69023.00,69949.00,69022.00,69942.00,1302400,69942.00
2010-03-15,69340.00,69384.00,68623.00,69024.00,1453000,69024.00
2010-03-12,69901.00,70486.00,69341.00,69341.00,1569000,69341.00
2010-03-11,69981.00,70183.00,69411.00,69885.00,1627200,69885.00
2010-03-10,69578.00,70476.00,69578.00,69979.00,1909200,69979.00
2010-03-09,68573.00,70144.00,68255.00,69576.00,2464200,69576.00
2010-03-08,68851.00,69070.00,68318.00,68575.00,1428200,68575.00
2010-03-05,67823.00,68930.00,67823.00,68847.00,1950600,68847.00
2010-03-04,67643.00,68198.00,66924.00,67815.00,1398600,67815.00
2010-03-03,67780.00,68813.00,67482.00,67641.00,2113800,67641.00
2010-03-02,67228.00,68250.00,67228.00,67779.00,1708600,67779.00
2010-03-01,66511.00,67397.00,66511.00,67228.00,1363000,67228.00
2010-02-26,66118.00,66510.00,65607.00,66503.00,1731400,66503.00
2010-02-25,65765.00,66325.00,64429.00,66121.00,1792200,66121.00
2010-02-24,66110.00,66514.00,65534.00,65795.00,1573000,65795.00
2010-02-23,67179.00,67179.00,65660.00,66108.00,1644800,66108.00
2010-02-22,67598.00,68120.00,67035.00,67184.00,1401600,67184.00
2010-02-19,67811.00,67935.00,67210.00,67597.00,1248000,67597.00
2010-02-18,67285.00,67836.00,66550.00,67836.00,1286600,67836.00
2010-02-17,65863.00,67542.00,65863.00,67285.00,000,67285.00
2010-02-12,66129.00,66133.00,65123.00,65855.00,873200,65855.00
2010-02-11,65050.00,66145.00,64344.00,66129.00,1259000,66129.00
2010-02-10,64721.00,65170.00,64320.00,65051.00,891000,65051.00
2010-02-09,63164.00,65526.00,63164.00,64718.00,1357400,64718.00
2010-02-08,62760.00,63923.00,62728.00,63153.00,1875600,63153.00
2010-02-05,63934.00,64001.00,61341.00,62763.00,3053000,62763.00
2010-02-04,67100.00,67100.00,63750.00,63934.00,2262400,63934.00
2010-02-03,67163.00,67347.00,66774.00,67109.00,1765000,67109.00
2010-02-02,66589.00,67321.00,66539.00,67163.00,1587800,67163.00
2010-02-01,65402.00,66763.00,65362.00,66572.00,1494400,66572.00
2010-01-29,65591.00,66576.00,65140.00,65402.00,1823200,65402.00
2010-01-28,65071.00,66049.00,64541.00,65588.00,1649400,65588.00
2010-01-27,65527.00,65663.00,64553.00,65070.00,1813600,65070.00
2010-01-26,66213.00,66213.00,64719.00,65524.00,1990400,65524.00
2010-01-22,66264.00,66660.00,65445.00,66220.00,1305000,66220.00
2010-01-21,68200.00,68458.00,65996.00,66270.00,2263800,66270.00
2010-01-20,69901.00,69901.00,67546.00,68200.00,1990600,68200.00
2010-01-19,69396.00,70036.00,68867.00,69909.00,1323400,69909.00
2010-01-18,68983.00,69748.00,68983.00,69401.00,1139000,69401.00
2010-01-15,69780.00,69788.00,68695.00,68978.00,1648400,68978.00
2010-01-14,70377.00,70508.00,69661.00,69801.00,1830200,69801.00
2010-01-13,70081.00,70626.00,69535.00,70385.00,1818800,70385.00
2010-01-12,70429.00,70429.00,69284.00,70076.00,1628600,70076.00
2010-01-11,70267.00,71068.00,70158.00,70433.00,1569000,70433.00
2010-01-08,70455.00,70766.00,70158.00,70263.00,1634400,70263.00
2010-01-07,70723.00,70723.00,70045.00,70451.00,1555000,70451.00
2010-01-06,70237.00,70937.00,70016.00,70729.00,2243600,70729.00
2010-01-05,70046.00,70595.00,69928.00,70240.00,1984200,70240.00
2010-01-04,68587.00,70081.00,68587.00,70045.00,1655400,70045.00
2009-12-30,68277.00,68588.00,67749.00,68588.00,1182200,68588.00
2009-12-29,67902.00,68309.00,67902.00,68296.00,669200,68296.00
2009-12-28,67591.00,68277.00,67591.00,67902.00,556400,67902.00
2009-12-23,67418.00,67810.00,66943.00,67589.00,904400,67589.00
2009-12-22,65940.00,67421.00,65940.00,67418.00,1272600,67418.00
2009-12-21,66806.00,67671.00,65925.00,65925.00,1406000,65925.00
2009-12-18,67068.00,67281.00,66322.00,66794.00,1075200,66794.00
2009-12-17,68619.00,68619.00,66792.00,67068.00,1339400,67068.00
2009-12-16,69310.00,69622.00,68466.00,68622.00,1710000,68622.00
2009-12-15,69345.00,69515.00,68822.00,69311.00,1284200,69311.00
2009-12-14,69273.00,69785.00,69193.00,69349.00,1294000,69349.00
2009-12-11,68750.00,69502.00,68750.00,69267.00,1489600,69267.00
2009-12-10,68021.00,68912.00,68021.00,68728.00,1473200,68728.00
2009-12-09,67736.00,68272.00,67484.00,68012.00,1141400,68012.00
2009-12-08,68511.00,68511.00,67470.00,67729.00,1550000,67729.00
2009-12-07,67611.00,68866.00,67611.00,68512.00,1186200,68512.00
2009-12-04,68316.00,69361.00,67328.00,67604.00,1410600,67604.00
2009-12-03,68622.00,69336.00,68308.00,68315.00,1223400,68315.00
2009-12-02,68412.00,69139.00,68412.00,68615.00,1362000,68615.00
2009-12-01,67051.00,68616.00,67051.00,68546.00,2326400,68546.00
2009-11-30,67082.00,67545.00,66876.00,67044.00,2224800,67044.00
2009-11-27,66371.00,67086.00,65737.00,67082.00,1172000,67082.00
2009-11-26,67911.00,67911.00,66236.00,66392.00,825600,66392.00
2009-11-25,67319.00,67997.00,67241.00,67917.00,1385400,67917.00
2009-11-24,66812.00,67317.00,65969.00,67317.00,1348000,67317.00
2009-11-23,66335.00,67365.00,66335.00,66809.00,1582600,66809.00
2009-11-19,66514.00,66564.00,65547.00,66327.00,1467000,66327.00
2009-11-18,67430.00,68060.00,66494.00,66516.00,1592000,66516.00
2009-11-17,66632.00,67409.00,66232.00,67406.00,1733800,67406.00
2009-11-16,65326.00,66896.00,65326.00,66627.00,1757800,66627.00
2009-11-13,64452.00,65788.00,64229.00,65326.00,1859000,65326.00
2009-11-12,66427.00,66614.00,64319.00,64448.00,1914400,64448.00
2009-11-11,66303.00,67170.00,66028.00,66431.00,1807800,66431.00
2009-11-10,66214.00,66709.00,65706.00,66303.00,1652000,66303.00
2009-11-09,64475.00,66236.00,64475.00,66214.00,1599800,66214.00
2009-11-06,64820.00,65094.00,63587.00,64466.00,1659000,64466.00
2009-11-05,63907.00,64830.00,63700.00,64816.00,1575600,64816.00
2009-11-04,62650.00,64142.00,62650.00,63913.00,1891200,63913.00
2009-11-03,61539.00,63237.00,60724.00,62643.00,1902600,62643.00
2009-10-30,63721.00,64226.00,60913.00,61546.00,1996200,61546.00
2009-10-29,60167.00,63907.00,60167.00,63721.00,1747800,63721.00
2009-10-28,63161.00,63173.00,60146.00,60162.00,2238800,60162.00
2009-10-27,65090.00,65498.00,63161.00,63161.00,1499200,63161.00
2009-10-26,65056.00,65901.00,64501.00,65086.00,1380400,65086.00
2009-10-23,66144.00,66982.00,64988.00,65059.00,1393800,65059.00
2009-10-22,65490.00,66502.00,65454.00,66135.00,1273200,66135.00
2009-10-21,65302.00,67157.00,65221.00,65486.00,1792600,65486.00
2009-10-20,67231.00,67231.00,64076.00,65303.00,2649200,65303.00
2009-10-19,66200.00,67530.00,66194.00,67239.00,1402200,67239.00
2009-10-16,66703.00,66703.00,65499.00,66200.00,1484600,66200.00
2009-10-15,66199.00,66703.00,65837.00,66703.00,1328400,66703.00
2009-10-14,64653.00,66393.00,64653.00,66201.00,2096400,66201.00
2009-10-13,64075.00,64646.00,63967.00,64646.00,1190600,64646.00
2009-10-09,63772.00,64177.00,63493.00,64071.00,1153000,64071.00
2009-10-08,62640.00,63816.00,62640.00,63760.00,1766000,63760.00
2009-10-07,62666.00,63015.00,62104.00,62638.00,1413600,62638.00
2009-10-06,62378.00,63291.00,62002.00,62671.00,1665600,62671.00
2009-10-05,61178.00,62460.00,61178.00,62369.00,1335400,62369.00
2009-10-02,60453.00,61333.00,59678.00,61172.00,1736000,61172.00
2009-10-01,61519.00,61519.00,60306.00,60459.00,1401200,60459.00
2009-09-30,61241.00,61926.00,60978.00,61518.00,1544800,61518.00
2009-09-29,61316.00,61599.00,60750.00,61235.00,1175400,61235.00
2009-09-28,60357.00,61317.00,60357.00,61317.00,955800,61317.00
2009-09-25,60045.00,60472.00,59755.00,60356.00,989800,60356.00
2009-09-24,60496.00,60978.00,59600.00,60046.00,1312000,60046.00
2009-09-23,61489.00,61630.00,60478.00,60496.00,1521000,60496.00
2009-09-22,60938.00,62017.00,60938.00,61493.00,1587200,61493.00
2009-09-21,60703.00,61066.00,60014.00,60928.00,1358600,60928.00
2009-09-18,60236.00,60710.00,60158.00,60703.00,1290400,60703.00
2009-09-17,60409.00,61027.00,60116.00,60236.00,1594200,60236.00
2009-09-16,59265.00,60526.00,59265.00,60411.00,1810800,60411.00
2009-09-15,58868.00,59401.00,58691.00,59264.00,1128800,59264.00
2009-09-14,58363.00,58868.00,57753.00,58868.00,990600,58868.00
2009-09-11,58537.00,58834.00,58145.00,58366.00,1119800,58366.00
2009-09-10,57908.00,58538.00,57615.00,58536.00,1401400,58536.00
2009-09-09,57844.00,58089.00,57534.00,57910.00,1357800,57910.00
2009-09-08,56655.00,57855.00,56655.00,57855.00,1375000,57855.00
2009-09-07,55707.00,56729.00,55656.00,56652.00,000,56652.00
2009-09-04,55707.00,56729.00,55656.00,56652.00,1198000,56652.00
2009-09-03,55389.00,55888.00,55339.00,55707.00,1272200,55707.00
2009-09-02,55813.00,55948.00,55386.00,55386.00,1644400,55386.00
2009-09-01,56489.00,57002.00,55764.00,55815.00,1443600,55815.00
2009-08-31,57698.00,57698.00,56170.00,56489.00,1504200,56489.00
2009-08-28,57704.00,58136.00,57344.00,57701.00,1176200,57701.00
2009-08-27,57769.00,57878.00,56845.00,57704.00,1345200,57704.00
2009-08-26,57425.00,57791.00,57106.00,57766.00,1237600,57766.00
2009-08-25,57778.00,58311.00,57401.00,57421.00,1251200,57421.00
2009-08-24,57731.00,58634.00,57698.00,57775.00,1428000,57775.00
2009-08-21,56836.00,57782.00,56836.00,57729.00,1240400,57729.00
2009-08-20,56173.00,56897.00,56143.00,56831.00,1070200,56831.00
2009-08-19,55748.00,56212.00,54918.00,56156.00,1279200,56156.00
2009-08-18,55219.00,55891.00,55216.00,55749.00,1129400,55749.00
2009-08-17,56636.00,56636.00,54881.00,55218.00,1402000,55218.00
2009-08-14,57048.00,57190.00,55979.00,56638.00,1496800,56638.00
2009-08-13,56588.00,57367.00,56533.00,57048.00,1511400,57048.00
2009-08-12,55761.00,56696.00,55714.00,56588.00,1659800,56588.00
2009-08-11,56816.00,56816.00,55568.00,55761.00,1406600,55761.00
2009-08-10,56329.00,56830.00,56151.00,56830.00,1191200,56830.00
2009-08-07,55758.00,56644.00,55758.00,56330.00,1259200,56330.00
2009-08-06,56385.00,56780.00,55361.00,55755.00,1333400,55755.00
2009-08-05,56041.00,56586.00,55407.00,56384.00,1241000,56384.00
2009-08-04,55998.00,56656.00,55727.00,56038.00,1512800,56038.00
2009-08-03,54766.00,56200.00,54766.00,55998.00,1256400,55998.00
2009-07-31,54474.00,54980.00,54206.00,54766.00,1225200,54766.00
2009-07-30,53735.00,55083.00,53735.00,54478.00,1248200,54478.00
2009-07-29,54470.00,54470.00,53256.00,53735.00,1231600,53735.00
2009-07-28,54547.00,54547.00,53779.00,54472.00,1304800,54472.00
2009-07-27,54458.00,54886.00,53943.00,54549.00,1108600,54549.00
2009-07-24,54249.00,54600.00,54037.00,54457.00,1131800,54457.00
2009-07-23,53074.00,54629.00,53065.00,54249.00,2061200,54249.00
2009-07-22,53232.00,53664.00,52543.00,53073.00,1360000,53073.00
2009-07-21,53155.00,53716.00,52520.00,53234.00,1396200,53234.00
2009-07-20,52073.00,53262.00,52073.00,53155.00,1498200,53155.00
2009-07-17,51918.00,52352.00,51736.00,52072.00,1232200,52072.00
2009-07-16,51292.00,52338.00,50703.00,51918.00,1547400,51918.00
2009-07-15,48876.00,51488.00,48876.00,51297.00,1885000,51297.00
2009-07-14,49186.00,49647.00,48573.00,48873.00,1431200,48873.00
2009-07-13,49221.00,49644.00,48262.00,49187.00,1331400,49187.00
2009-07-10,49175.00,49326.00,48714.00,49221.00,1038800,49221.00
2009-07-08,49460.00,49846.00,48456.00,49178.00,1545600,49178.00
2009-07-07,50619.00,50621.00,49400.00,49457.00,1637400,49457.00
2009-07-06,50932.00,50932.00,49691.00,50622.00,1377800,50622.00
2009-07-03,51026.00,51167.00,50915.00,50935.00,487800,50935.00
2009-07-02,51538.00,51538.00,50608.00,51025.00,1006400,51025.00
2009-07-01,51464.00,52383.00,51464.00,51544.00,1371200,51544.00
2009-06-30,52143.00,52435.00,51102.00,51465.00,1321200,51465.00
2009-06-29,51488.00,52275.00,51488.00,52138.00,1052800,52138.00
2009-06-26,51517.00,51935.00,51341.00,51486.00,1220400,51486.00
2009-06-25,49668.00,51515.00,49327.00,51515.00,1591600,51515.00
2009-06-24,49819.00,50758.00,49520.00,49672.00,1370200,49672.00
2009-06-23,49496.00,49902.00,49130.00,49814.00,1395200,49814.00
2009-06-22,51367.00,51367.00,49411.00,49495.00,1602000,49495.00
2009-06-19,50908.00,51665.00,50908.00,51374.00,1225000,51374.00
2009-06-18,51050.00,51275.00,50510.00,50903.00,1165000,50903.00
2009-06-17,51197.00,51197.00,50265.00,51046.00,1638000,51046.00
2009-06-16,52035.00,52494.00,51166.00,51206.00,1328600,51206.00
2009-06-15,53558.00,53558.00,51252.00,52034.00,1662800,52034.00
2009-06-12,53411.00,53936.00,53143.00,53558.00,1421800,53558.00
2009-06-10,53159.00,54048.00,52819.00,53411.00,1437800,53411.00
2009-06-09,53633.00,54102.00,52845.00,53157.00,1228400,53157.00
2009-06-08,53340.00,53905.00,52483.00,53630.00,1184800,53630.00
2009-06-05,53474.00,54627.00,53050.00,53341.00,1442200,53341.00
2009-06-04,52094.00,53464.00,51745.00,53464.00,1398400,53464.00
2009-06-03,53999.00,54001.00,51643.00,52087.00,2037400,52087.00
2009-06-02,54486.00,54955.00,53850.00,54000.00,1919000,54000.00
2009-06-01,53202.00,54857.00,53202.00,54486.00,1803000,54486.00
2009-05-29,53047.00,53806.00,52432.00,53198.00,2841400,53198.00
2009-05-28,51795.00,53041.00,51795.00,53041.00,1518800,53041.00
2009-05-27,51840.00,53092.00,51637.00,51792.00,1731400,51792.00
2009-05-26,50817.00,51934.00,50074.00,51841.00,1456600,51841.00
2009-05-25,50558.00,50969.00,50558.00,50816.00,491000,50816.00
2009-05-22,50089.00,50893.00,49989.00,50568.00,1308800,50568.00
2009-05-21,51244.00,51244.00,49565.00,50087.00,1681000,50087.00
2009-05-20,51349.00,52640.00,51143.00,51245.00,2062000,51245.00
2009-05-19,51465.00,52145.00,50987.00,51347.00,2003200,51347.00
2009-05-18,49012.00,51490.00,49012.00,51463.00,1731600,51463.00
2009-05-15,49447.00,49552.00,48796.00,49007.00,1508800,49007.00
2009-05-14,48671.00,49461.00,48284.00,49446.00,1416200,49446.00
2009-05-13,50317.00,50317.00,48430.00,48679.00,1712200,48679.00
2009-05-12,50980.00,51565.00,49808.00,50326.00,1852000,50326.00
2009-05-11,51389.00,51389.00,50060.00,50976.00,1285600,50976.00
2009-05-08,50066.00,51396.00,50051.00,51396.00,1692800,51396.00
2009-05-07,51499.00,52079.00,49743.00,50058.00,2030200,50058.00
2009-05-06,50675.00,52096.00,50672.00,51499.00,2468600,51499.00
2009-05-05,50404.00,50909.00,50013.00,50670.00,1945400,50670.00
2009-05-04,47290.00,50405.00,47290.00,50405.00,2502000,50405.00
2009-04-30,47235.00,48126.00,47235.00,47290.00,2136000,47290.00
2009-04-29,45825.00,47410.00,45825.00,47227.00,2053400,47227.00
2009-04-28,45819.00,46138.00,44966.00,45821.00,1792400,45821.00
2009-04-27,46772.00,46772.00,45662.00,45820.00,1687400,45820.00
2009-04-24,45801.00,46946.00,45801.00,46772.00,1528400,46772.00
2009-04-23,44888.00,45804.00,44888.00,45801.00,1243600,45801.00
2009-04-22,44434.00,45369.00,44434.00,44888.00,1364400,44888.00
2009-04-20,45778.00,45778.00,44275.00,44433.00,1272800,44433.00
2009-04-17,46018.00,46187.00,45723.00,45778.00,1465600,45778.00
2009-04-16,45277.00,46211.00,45277.00,46025.00,1770800,46025.00
2009-04-15,45420.00,45453.00,44811.00,45273.00,1758000,45273.00
2009-04-14,45989.00,46591.00,45284.00,45418.00,2127600,45418.00
2009-04-13,45536.00,46179.00,45226.00,45992.00,1552600,45992.00
2009-04-09,44183.00,45702.00,44183.00,45539.00,1923800,45539.00
2009-04-08,43828.00,44390.00,43706.00,44182.00,1782400,44182.00
2009-04-07,44163.00,44471.00,43593.00,43825.00,1707600,43825.00
2009-04-06,44385.00,44385.00,43429.00,44167.00,1466200,44167.00
2009-04-03,43738.00,44610.00,43520.00,44391.00,1882800,44391.00
2009-04-02,41977.00,44286.00,41977.00,43736.00,2363600,43736.00
2009-04-01,40918.00,42005.00,40256.00,41976.00,1671600,41976.00
2009-03-31,40661.00,41610.00,40661.00,40926.00,1591200,40926.00
2009-03-30,41909.00,41909.00,40351.00,40653.00,1508600,40653.00
2009-03-27,42589.00,42589.00,41586.00,41907.00,1342000,41907.00
2009-03-26,41801.00,42680.00,41801.00,42589.00,1640400,42589.00
2009-03-25,41478.00,42623.00,41114.00,41799.00,1956400,41799.00
2009-03-24,42439.00,42439.00,41476.00,41476.00,1826200,41476.00
2009-03-23,40077.00,42509.00,40077.00,42439.00,1883400,42439.00
2009-03-20,40453.00,41053.00,40076.00,40076.00,1394200,40076.00
2009-03-19,40146.00,41137.00,40146.00,40453.00,1902800,40453.00
2009-03-18,39508.00,40551.00,38850.00,40142.00,1731800,40142.00
2009-03-17,38608.00,39511.00,38080.00,39511.00,1456800,39511.00
2009-03-16,39018.00,39713.00,38467.00,38607.00,1526800,38607.00
2009-03-13,39152.00,39707.00,38580.00,39015.00,1595200,39015.00
2009-03-12,38806.00,39304.00,38286.00,39152.00,1631800,39152.00
2009-03-11,38795.00,39310.00,38238.00,38805.00,1401200,38805.00
2009-03-10,36745.00,38804.00,36745.00,38795.00,1788200,38795.00
2009-03-09,37103.00,37464.00,36392.00,36741.00,1067400,36741.00
2009-03-06,37367.00,38309.00,36476.00,37105.00,1481200,37105.00
2009-03-05,38391.00,38391.00,36973.00,37369.00,1354600,37369.00
2009-03-04,36468.00,38554.00,36468.00,38402.00,1796200,38402.00
2009-03-03,36236.00,37085.00,35722.00,36468.00,1731400,36468.00
2009-03-02,38180.00,38180.00,36196.00,36235.00,1728000,36235.00
2009-02-27,38178.00,38801.00,37324.00,38183.00,1654000,38183.00
2009-02-26,38234.00,39219.00,38180.00,38180.00,1520800,38180.00
2009-02-25,38712.00,38933.00,37694.00,38232.00,1216400,38232.00
2009-02-20,39725.00,39725.00,38103.00,38715.00,1711600,38715.00
2009-02-19,39675.00,40433.00,39630.00,39730.00,1162600,39730.00
2009-02-18,39848.00,40434.00,39209.00,39674.00,1654400,39674.00
2009-02-17,41838.00,41838.00,39817.00,39847.00,1729800,39847.00
2009-02-16,41672.00,41841.00,41026.00,41841.00,1088600,41841.00
2009-02-13,40512.00,41833.00,40512.00,41674.00,1445400,41674.00
2009-02-12,40827.00,41082.00,39992.00,40501.00,1782200,40501.00
2009-02-11,41207.00,42032.00,40286.00,40846.00,1673400,40846.00
2009-02-10,42101.00,42819.00,40960.00,41207.00,2280000,41207.00
2009-02-09,42755.00,43441.00,41977.00,42100.00,1749400,42100.00
2009-02-06,41110.00,42873.00,41110.00,42756.00,2180000,42756.00
2009-02-05,40120.00,41373.00,39791.00,41109.00,1932800,41109.00
2009-02-04,39746.00,41490.00,39746.00,40129.00,2408600,40129.00
2009-02-03,38665.00,39765.00,38655.00,39747.00,1545000,39747.00
2009-02-02,39296.00,39364.00,38453.00,38666.00,1334600,38666.00
2009-01-30,39637.00,40273.00,39185.00,39301.00,1477600,39301.00
2009-01-29,40229.00,40229.00,39369.00,39638.00,1330400,39638.00
2009-01-28,38704.00,40438.00,38704.00,40227.00,2132400,40227.00
2009-01-27,38511.00,39025.00,38422.00,38699.00,1423800,38699.00
2009-01-26,38130.00,39065.00,37831.00,38509.00,1493800,38509.00
2009-01-23,37891.00,38660.00,36744.00,38132.00,1433000,38132.00
2009-01-22,38543.00,38845.00,37255.00,37894.00,1744600,37894.00
2009-01-21,37279.00,38543.00,37279.00,38543.00,1672000,38543.00
2009-01-20,38828.00,39174.00,37272.00,37272.00,1417800,37272.00
2009-01-19,39351.00,39570.00,38700.00,38828.00,791000,38828.00
2009-01-16,39149.00,39904.00,38578.00,39342.00,1734200,39342.00
2009-01-15,37993.00,39197.00,36806.00,39151.00,2029400,39151.00
2009-01-14,39537.00,39570.00,37658.00,37982.00,2198400,37982.00
2009-01-13,39397.00,40323.00,38623.00,39544.00,1798400,39544.00
2009-01-12,41585.00,41585.00,39345.00,39403.00,1554600,39403.00
2009-01-09,41992.00,42525.00,41181.00,41583.00,1573400,41583.00
2009-01-08,40819.00,41991.00,40251.00,41991.00,1556000,41991.00
2009-01-07,42308.00,42308.00,40563.00,40820.00,1383600,40820.00
2009-01-06,41520.00,42363.00,41520.00,42312.00,1791000,42312.00
2009-01-05,40243.00,41889.00,39526.00,41519.00,1909200,41519.00
2009-01-02,37550.00,40265.00,37550.00,40244.00,1055200,40244.00
2008-12-30,37070.00,37783.00,37065.00,37550.00,1569800,37550.00
2008-12-29,36864.00,37631.00,36638.00,37060.00,984800,37060.00
2008-12-26,36470.00,37136.00,36334.00,36864.00,508600,36864.00
2008-12-23,37617.00,38005.00,36452.00,36471.00,860000,36471.00
2008-12-22,39140.00,39452.00,37478.00,37619.00,1275600,37619.00
2008-12-19,39535.00,39785.00,38728.00,39131.00,1219200,39131.00
2008-12-18,39947.00,40498.00,38995.00,39536.00,1696200,39536.00
2008-12-17,39993.00,40361.00,39121.00,39947.00,2284800,39947.00
2008-12-16,38324.00,39993.00,38324.00,39993.00,1614000,39993.00
2008-12-15,39368.00,39735.00,38320.00,38320.00,1631600,38320.00
2008-12-12,38517.00,39374.00,37014.00,39374.00,1692800,39374.00
2008-12-11,39009.00,39880.00,38515.00,38519.00,1952400,38519.00
2008-12-10,37972.00,39748.00,37972.00,39004.00,2233000,39004.00
2008-12-09,38285.00,38863.00,37653.00,37968.00,2011600,37968.00
2008-12-08,35347.00,38426.00,35347.00,38285.00,2422400,38285.00
2008-12-05,35125.00,35435.00,34013.00,35347.00,1929800,35347.00
2008-12-04,35311.00,35944.00,35128.00,35128.00,1264800,35128.00
2008-12-03,35001.00,35476.00,33798.00,35297.00,2237800,35297.00
2008-12-02,34743.00,35734.00,34743.00,35001.00,1596400,35001.00
2008-12-01,36596.00,36596.00,34396.00,34741.00,1458800,34741.00
2008-11-28,36216.00,37217.00,35944.00,36596.00,1547400,36596.00
2008-11-27,36470.00,36817.00,36114.00,36213.00,878600,36213.00
2008-11-26,34814.00,36877.00,34319.00,36470.00,2075200,36470.00
2008-11-25,34189.00,35532.00,33620.00,34813.00,1712200,34813.00
2008-11-24,31255.00,34382.00,31255.00,34189.00,1995600,34189.00
2008-11-21,33403.00,33403.00,31081.00,31251.00,1894800,31251.00
2008-11-19,34098.00,34786.00,33275.00,33405.00,1567200,33405.00
2008-11-18,35698.00,35698.00,33882.00,34095.00,1750800,34095.00
2008-11-17,35777.00,36373.00,34427.00,35717.00,1393600,35717.00
2008-11-14,36003.00,36697.00,35016.00,35789.00,1628600,35789.00
2008-11-13,34374.00,36244.00,33645.00,35993.00,1890000,35993.00
2008-11-12,37261.00,37261.00,34221.00,34374.00,2413400,34374.00
2008-11-11,36775.00,37629.00,35499.00,37262.00,1536400,37262.00
2008-11-10,36672.00,38725.00,36298.00,36776.00,1467000,36776.00
2008-11-07,36362.00,37716.00,36297.00,36665.00,1764400,36665.00
2008-11-06,37786.00,37786.00,35387.00,36362.00,1999000,36362.00
2008-11-05,40245.00,40245.00,37711.00,37786.00,2127800,37786.00
2008-11-04,38256.00,41003.00,38256.00,40255.00,2134200,40255.00
2008-11-03,37261.00,38545.00,36938.00,38249.00,1676800,38249.00
2008-10-31,37447.00,37945.00,35858.00,37257.00,2002000,37257.00
2008-10-30,34852.00,37590.00,34852.00,37449.00,2485800,37449.00
2008-10-29,33387.00,35766.00,33387.00,34845.00,2184800,34845.00
2008-10-28,29438.00,33387.00,29438.00,33387.00,2342000,33387.00
2008-10-27,31480.00,31480.00,29435.00,29435.00,1696200,29435.00
2008-10-24,33809.00,33809.00,30788.00,31482.00,2251800,31482.00
2008-10-23,35069.00,35777.00,32706.00,33818.00,1962800,33818.00
2008-10-22,39043.00,39043.00,35028.00,35070.00,1647800,35070.00
2008-10-21,39440.00,39980.00,38083.00,39043.00,1533600,39043.00
2008-10-20,36401.00,39453.00,36401.00,39441.00,1549600,39441.00
2008-10-17,36440.00,38342.00,35834.00,36399.00,1849400,36399.00
2008-10-16,36835.00,37394.00,33752.00,36442.00,2284000,36442.00
2008-10-15,41567.00,41567.00,35411.00,36833.00,2147000,36833.00
2008-10-14,40833.00,43753.00,40218.00,41569.00,2264400,41569.00
2008-10-13,35609.00,40829.00,35609.00,40829.00,1974000,40829.00
2008-10-10,37079.00,37079.00,33238.00,35610.00,2444600,35610.00
2008-10-09,38594.00,40479.00,36832.00,37080.00,2180800,37080.00
2008-10-08,40137.00,40439.00,37597.00,38594.00,2832800,38594.00
2008-10-07,42104.00,43167.00,39583.00,40140.00,1969600,40140.00
2008-10-06,44502.00,44502.00,37617.00,42101.00,2075600,42101.00
2008-10-03,46155.00,48075.00,44158.00,44517.00,1577200,44517.00
2008-10-02,49805.00,49805.00,45113.00,46145.00,1684200,46145.00
2008-10-01,49538.00,49834.00,47641.00,49799.00,1498000,49799.00
2008-09-30,46026.00,49541.00,46026.00,49541.00,1557000,49541.00
2008-09-29,50743.00,50743.00,43766.00,46028.00,1881800,46028.00
2008-09-26,51824.00,51824.00,49902.00,50783.00,1989400,50783.00
2008-09-25,49848.00,51867.00,49848.00,51828.00,1401400,51828.00
2008-09-24,49598.00,50747.00,49598.00,49843.00,1203000,49843.00
2008-09-23,51537.00,51856.00,49289.00,49593.00,1648800,49593.00
2008-09-22,53055.00,53455.00,51530.00,51541.00,1450200,51541.00
2008-09-19,48424.00,53168.00,48424.00,53055.00,2103800,53055.00
2008-09-18,45909.00,49002.00,45295.00,48423.00,2332600,48423.00
2008-09-17,49218.00,49218.00,45859.00,45909.00,2322200,45909.00
2008-09-16,48404.00,49313.00,46261.00,49229.00,2046400,49229.00
2008-09-15,52386.00,52386.00,48409.00,48416.00,1589800,48416.00
2008-09-12,51267.00,52591.00,50789.00,52393.00,1393800,52393.00
2008-09-11,49629.00,51270.00,48217.00,51270.00,1556200,51270.00
2008-09-10,48439.00,49957.00,47606.00,49633.00,1904800,49633.00
2008-09-09,50711.00,50711.00,48419.00,48435.00,1481000,48435.00
2008-09-08,51940.00,53706.00,50646.00,50718.00,1466000,50718.00
2008-09-05,51404.00,51940.00,50092.00,51940.00,1441600,51940.00
2008-09-04,53527.00,53749.00,51157.00,51409.00,1542200,51409.00
2008-09-03,54414.00,55241.00,52891.00,53527.00,1439800,53527.00
2008-09-02,55161.00,55412.00,54207.00,54404.00,1163200,54404.00
2008-09-01,55665.00,55665.00,54933.00,55162.00,520000,55162.00
2008-08-29,56388.00,56856.00,55678.00,55680.00,1102400,55680.00
2008-08-28,55516.00,56524.00,55516.00,56382.00,1062400,56382.00
2008-08-27,54366.00,55591.00,54366.00,55519.00,881600,55519.00
2008-08-26,54477.00,55088.00,54153.00,54359.00,836200,54359.00
2008-08-25,55854.00,55906.00,54468.00,54477.00,653400,54477.00
2008-08-22,55933.00,56430.00,55202.00,55850.00,823400,55850.00
2008-08-21,55380.00,56144.00,55380.00,55935.00,1113200,55935.00
2008-08-20,53641.00,55545.00,53641.00,55377.00,1149400,55377.00
2008-08-19,53326.00,54329.00,52345.00,53639.00,1006600,53639.00
2008-08-18,54252.00,54928.00,53050.00,53327.00,847000,53327.00
2008-08-15,55137.00,55307.00,53831.00,54244.00,945800,54244.00
2008-08-14,54573.00,55725.00,54573.00,55138.00,1065600,55138.00
2008-08-13,54509.00,55492.00,54035.00,54573.00,1922800,54573.00
2008-08-12,54721.00,55355.00,54325.00,54503.00,1226200,54503.00
2008-08-11,56590.00,56974.00,54569.00,54720.00,1208600,54720.00
2008-08-08,57018.00,57146.00,56152.00,56584.00,1054200,56584.00
2008-08-07,57546.00,57942.00,56960.00,57018.00,1116400,57018.00
2008-08-06,56473.00,57813.00,56473.00,57542.00,1266800,57542.00
2008-08-05,55609.00,56974.00,55609.00,56471.00,1402400,56471.00
2008-08-04,57619.00,57641.00,55367.00,55609.00,1148000,55609.00
2008-08-01,59505.00,59505.00,57492.00,57630.00,999400,57630.00
2008-07-31,59998.00,60023.00,59225.00,59505.00,1277200,59505.00
2008-07-30,58069.00,59998.00,58069.00,59998.00,1527800,59998.00
2008-07-29,56869.00,58043.00,56869.00,58043.00,1118200,58043.00
2008-07-28,57207.00,58176.00,56839.00,56869.00,887600,56869.00
2008-07-25,57420.00,57711.00,56418.00,57199.00,1183400,57199.00
2008-07-24,59425.00,59641.00,57334.00,57434.00,1776800,57434.00
2008-07-23,59646.00,60242.00,59313.00,59421.00,1422000,59421.00
2008-07-22,60772.00,60780.00,59231.00,59647.00,1203800,59647.00
2008-07-21,60002.00,61275.00,60002.00,60772.00,1230600,60772.00
2008-07-18,60106.00,61299.00,59479.00,59988.00,1230600,59988.00
2008-07-17,62063.00,62606.00,59985.00,60109.00,1893000,60109.00
2008-07-16,61018.00,62183.00,60863.00,62056.00,1575600,62056.00
2008-07-15,60715.00,61679.00,58790.00,61015.00,1473400,61015.00
2008-07-14,60156.00,61306.00,60156.00,60721.00,970400,60721.00
2008-07-11,60256.00,61053.00,59603.00,60148.00,1051000,60148.00
2008-07-10,59528.00,60589.00,58338.00,60253.00,1487000,60253.00
2008-07-08,59081.00,59536.00,57945.00,59536.00,1235600,59536.00
2008-07-07,59372.00,60795.00,58731.00,59088.00,1078400,59088.00
2008-07-04,59266.00,59779.00,58786.00,59365.00,642000,59365.00
2008-07-03,61094.00,61601.00,59243.00,59273.00,1207600,59273.00
2008-07-02,63397.00,63945.00,61028.00,61106.00,1309000,61106.00
2008-07-01,65018.00,65018.00,62911.00,63396.00,1261800,63396.00
2008-06-30,64326.00,65353.00,64326.00,65018.00,970400,65018.00
2008-06-27,63951.00,64624.00,63881.00,64321.00,1100000,64321.00
2008-06-26,65804.00,65804.00,63689.00,63947.00,1265000,63947.00
2008-06-25,64173.00,66308.00,64173.00,65853.00,1351400,65853.00
2008-06-24,64636.00,65084.00,63713.00,64168.00,1128800,64168.00
2008-06-23,64622.00,65401.00,64440.00,64640.00,858600,64640.00
2008-06-20,66584.00,66611.00,64602.00,64614.00,1141400,64614.00
2008-06-19,67090.00,67339.00,66182.00,66590.00,1172000,66590.00
2008-06-18,68431.00,68431.00,66917.00,67090.00,1361400,67090.00
2008-06-17,67284.00,69029.00,67284.00,68438.00,1200200,68438.00
2008-06-16,67206.00,67618.00,66430.00,67285.00,1043400,67285.00
2008-06-13,67326.00,67885.00,66907.00,67204.00,917400,67204.00
2008-06-12,66798.00,67958.00,66798.00,67322.00,1142800,67322.00
2008-06-11,67775.00,68061.00,66715.00,66795.00,1254200,66795.00
2008-06-10,69275.00,69275.00,67067.00,67775.00,1256000,67775.00
2008-06-09,69786.00,69990.00,68534.00,69281.00,1035000,69281.00
2008-06-06,71208.00,71211.00,69515.00,69786.00,1199800,69786.00
2008-06-05,68674.00,71235.00,68674.00,71235.00,1219200,71235.00
2008-06-04,70012.00,70012.00,68465.00,68673.00,1438400,68673.00
2008-06-03,71897.00,72019.00,69602.00,70012.00,1301200,70012.00
2008-06-02,72593.00,72593.00,71352.00,71897.00,1171000,71897.00
2008-05-30,71798.00,72862.00,71766.00,72593.00,1770400,72593.00
2008-05-29,73154.00,73920.00,71695.00,71798.00,1542600,71798.00
2008-05-28,70995.00,73180.00,70734.00,73153.00,1455000,73153.00
2008-05-27,71629.00,71659.00,70335.00,70992.00,1409600,70992.00
2008-05-26,71452.00,71988.00,71423.00,71629.00,503200,71629.00
2008-05-23,72295.00,72295.00,70774.00,71452.00,1094000,71452.00
2008-05-21,73508.00,73780.00,72150.00,72295.00,1465000,72295.00
2008-05-20,73445.00,73522.00,72146.00,73517.00,1256200,73517.00
2008-05-19,72767.00,73794.00,72458.00,73439.00,1494600,73439.00
2008-05-16,71496.00,72767.00,71496.00,72767.00,1348800,72767.00
2008-05-15,70031.00,71492.00,70031.00,71492.00,1144400,71492.00
2008-05-14,70495.00,70966.00,70027.00,70027.00,1200000,70027.00
2008-05-13,70422.00,71084.00,70108.00,70503.00,1207600,70503.00
2008-05-12,69646.00,70420.00,69068.00,70416.00,966600,70416.00
2008-05-09,69722.00,69722.00,68764.00,69646.00,841200,69646.00
2008-05-08,69021.00,69877.00,69014.00,69722.00,975000,69722.00
2008-05-07,70201.00,70545.00,68599.00,69018.00,1342600,69018.00
2008-05-06,70175.00,70215.00,69561.00,70195.00,1518000,70195.00
2008-05-05,69366.00,70435.00,69366.00,70175.00,1347400,70175.00
2008-05-02,67869.00,70973.00,67865.00,69366.00,1981800,69366.00
2008-04-30,63826.00,68038.00,63826.00,67868.00,2112800,67868.00
2008-04-29,65678.00,65678.00,63706.00,63826.00,1113600,63826.00
2008-04-28,65191.00,66025.00,65191.00,65678.00,1183000,65678.00
2008-04-25,64576.00,65253.00,64172.00,65187.00,1111000,65187.00
2008-04-24,64946.00,65086.00,64223.00,64576.00,971600,64576.00
2008-04-23,65413.00,65689.00,64914.00,64948.00,862800,64948.00
2008-04-22,64922.00,65689.00,64922.00,65413.00,965800,65413.00
2008-04-21,64554.00,65384.00,64554.00,64923.00,000,64923.00
2008-04-18,64554.00,65384.00,64554.00,64923.00,856800,64923.00
2008-04-17,64150.00,64945.00,63599.00,64552.00,908400,64552.00
2008-04-16,62625.00,64314.00,62625.00,64152.00,1237800,64152.00
2008-04-15,62151.00,62825.00,62151.00,62618.00,841600,62618.00
2008-04-14,62592.00,62733.00,61467.00,62153.00,926600,62153.00
2008-04-11,63526.00,63526.00,62459.00,62585.00,696800,62585.00
2008-04-10,63475.00,63646.00,62712.00,63527.00,909400,63527.00
2008-04-09,64540.00,64621.00,63167.00,63477.00,863400,63477.00
2008-04-08,64180.00,64833.00,63453.00,64540.00,878000,64540.00
2008-04-07,64447.00,65409.00,63919.00,64176.00,909400,64176.00
2008-04-04,64177.00,64630.00,63906.00,64446.00,812800,64446.00
2008-04-03,63367.00,64731.00,62793.00,64175.00,1039400,64175.00
2008-04-02,62775.00,63816.00,62775.00,63364.00,1076800,63364.00
2008-04-01,60965.00,62788.00,60965.00,62775.00,1205600,62775.00
2008-03-31,60449.00,60982.00,59917.00,60968.00,2168400,60968.00
2008-03-28,60762.00,61062.00,60192.00,60452.00,1673400,60452.00
2008-03-27,61418.00,62200.00,60679.00,60762.00,1639200,60762.00
2008-03-26,61234.00,61849.00,60759.00,61415.00,2351000,61415.00
2008-03-25,59820.00,61616.00,59820.00,61234.00,2523800,61234.00
2008-03-24,58994.00,61083.00,58994.00,59813.00,2289000,59813.00
2008-03-20,58818.00,59170.00,57824.00,58987.00,2717800,58987.00
2008-03-19,61936.00,62372.00,58805.00,58827.00,2229400,58827.00
2008-03-18,60040.00,61933.00,60040.00,61933.00,3084800,61933.00
2008-03-17,61987.00,61987.00,59342.00,60012.00,2131800,60012.00
2008-03-14,62280.00,63028.00,60710.00,61991.00,2813200,61991.00
2008-03-13,62175.00,62413.00,60168.00,62280.00,3854200,62280.00
2008-03-12,62378.00,63036.00,62022.00,62177.00,2316400,62177.00
2008-03-11,60006.00,62368.00,60006.00,62368.00,3223600,62368.00
2008-03-10,61869.00,61923.00,59996.00,59999.00,1901000,59999.00
2008-03-07,62973.00,62973.00,61382.00,61868.00,2489000,61868.00
2008-03-06,64631.00,64676.00,62975.00,62975.00,2246000,62975.00
2008-03-05,63653.00,65045.00,63653.00,64629.00,2322800,64629.00
2008-03-04,64486.00,64530.00,62745.00,63656.00,2141800,63656.00
2008-03-03,63496.00,64644.00,63159.00,64490.00,2267000,64490.00
2008-02-29,65553.00,65553.00,63482.00,63489.00,2817000,63489.00
2008-02-28,65495.00,66005.00,65248.00,65555.00,3693000,65555.00
2008-02-27,65178.00,65968.00,64647.00,65495.00,4842600,65495.00
2008-02-26,64994.00,65399.00,63983.00,65183.00,3564000,65183.00
2008-02-25,64605.00,65013.00,64060.00,65001.00,2370400,65001.00
2008-02-22,63780.00,64609.00,63360.00,64609.00,2075800,64609.00
2008-02-21,63748.00,64631.00,63620.00,63792.00,2422600,63792.00
2008-02-20,62292.00,63780.00,61634.00,63747.00,2756400,63747.00
2008-02-19,62801.00,63590.00,62180.00,62297.00,2089200,62297.00
2008-02-15,61803.00,61803.00,60717.00,61272.00,2353000,61272.00
2008-02-14,62595.00,63224.00,61737.00,61819.00,2359200,61819.00
2008-02-13,61802.00,63002.00,61802.00,62591.00,4423000,62591.00
2008-02-12,60645.00,62828.00,60645.00,61805.00,13473600,61805.00
2008-02-11,59081.00,60805.00,59081.00,60643.00,2569600,60643.00
2008-02-08,58967.00,59520.00,58843.00,59076.00,2023200,59076.00
2008-02-07,58965.00,59581.00,58030.00,58965.00,3993400,58965.00
2008-02-06,61076.00,61076.00,58742.00,58969.00,000,58969.00
2008-02-01,59491.00,61187.00,59491.00,61080.00,3601800,61080.00
2008-01-31,60288.00,60288.00,57886.00,59490.00,6158800,59490.00
2008-01-30,59522.00,60289.00,58752.00,60289.00,4314400,60289.00
2008-01-29,58597.00,59715.00,58597.00,59530.00,3441800,59530.00
2008-01-28,57457.00,58721.00,56360.00,58594.00,3928600,58594.00
2008-01-24,54242.00,57675.00,54242.00,57463.00,3801800,57463.00
2008-01-23,56098.00,56098.00,53011.00,54235.00,3719400,54235.00
2008-01-22,53705.00,56541.00,53610.00,56097.00,3650200,56097.00
2008-01-21,57503.00,57503.00,53487.00,53709.00,3566400,53709.00
2008-01-18,57039.00,58291.00,56241.00,57506.00,5810600,57506.00
2008-01-17,58773.00,59643.00,56734.00,57037.00,3594000,57037.00
2008-01-16,59906.00,59906.00,58077.00,58777.00,3455400,58777.00
2008-01-15,62180.00,62180.00,59897.00,59907.00,4080800,59907.00
2008-01-14,61950.00,62536.00,61643.00,62188.00,2829000,62188.00
2008-01-11,63514.00,63514.00,61942.00,61942.00,2920600,61942.00
2008-01-10,62677.00,63615.00,62594.00,63515.00,3227000,63515.00
2008-01-09,62078.00,62674.00,61487.00,62674.00,3480400,62674.00
2008-01-08,60771.00,62650.00,60771.00,62081.00,3314000,62081.00
2008-01-07,61054.00,61505.00,60092.00,60772.00,2223400,60772.00
2008-01-04,62898.00,63436.00,60574.00,61037.00,2613800,61037.00
2008-01-03,62814.00,63129.00,62556.00,62892.00,1895800,62892.00
2008-01-02,63885.00,63906.00,62659.00,62815.00,2980200,62815.00
2007-12-28,63776.00,64124.00,63598.00,63886.00,2588600,63886.00
2007-12-27,64287.00,64584.00,63590.00,63774.00,2043800,63774.00
2007-12-26,63101.00,64304.00,63101.00,64288.00,1820200,64288.00
2007-12-21,61725.00,63398.00,61725.00,63098.00,2453000,63098.00
2007-12-20,61724.00,62467.00,61416.00,61716.00,4797200,61716.00
2007-12-19,61108.00,61734.00,60915.00,61722.00,000,61722.00
2007-12-18,59832.00,61421.00,59414.00,61096.00,3616600,61096.00
2007-12-17,62445.00,62445.00,59820.00,59828.00,2242400,59828.00
2007-12-14,62868.00,63455.00,62445.00,62445.00,3054000,62445.00
2007-12-13,64735.00,64735.00,62466.00,62861.00,2936800,62861.00
2007-12-12,64512.00,66171.00,64502.00,64742.00,000,64742.00
2007-12-11,65448.00,66451.00,64127.00,64512.00,4639800,64512.00
2007-12-10,65642.00,65874.00,65228.00,65446.00,3680000,65446.00
2007-12-07,65789.00,66529.00,65278.00,65639.00,2289000,65639.00
2007-12-06,64929.00,65791.00,64692.00,65791.00,3108800,65791.00
2007-12-05,63483.00,65204.00,63483.00,64928.00,000,64928.00
2007-12-04,63203.00,63722.00,62373.00,63482.00,000,63482.00
2007-12-03,63018.00,63682.00,62729.00,63200.00,000,63200.00
2007-11-30,62157.00,63701.00,62157.00,63006.00,4849000,63006.00
2007-11-29,61720.00,63190.00,61465.00,62156.00,5978200,62156.00
2007-11-28,59432.00,61858.00,59432.00,61715.00,6116600,61715.00
2007-11-27,59067.00,59971.00,58096.00,59432.00,6147400,59432.00
2007-11-26,60973.00,61560.00,59067.00,59069.00,6195600,59069.00
2007-11-23,60662.00,61334.00,60662.00,60971.00,8923600,60971.00
2007-11-22,60582.00,61102.00,60124.00,60653.00,2223600,60653.00
2007-11-21,62335.00,62335.00,59847.00,60582.00,6540600,60582.00
2007-11-19,64609.00,64609.00,62321.00,62336.00,3819200,62336.00
2007-11-16,64634.00,64802.00,63627.00,64609.00,4450600,64609.00
2007-11-14,62919.00,64896.00,62919.00,64631.00,10894400,64631.00
2007-11-13,61526.00,62933.00,61034.00,62927.00,5980600,62927.00
2007-11-12,64321.00,64321.00,61452.00,61527.00,5393400,61527.00
2007-11-09,63571.00,65281.00,62279.00,64321.00,6871000,64321.00
2007-11-08,63503.00,65283.00,63140.00,63562.00,7195800,63562.00
2007-11-07,64503.00,64603.00,63223.00,63501.00,112200,63501.00
2007-11-06,62967.00,64524.00,62967.00,64503.00,4556000,64503.00
2007-11-05,64049.00,64049.00,62720.00,62960.00,9279400,62960.00
2007-11-01,65317.00,65317.00,63774.00,64050.00,6187200,64050.00
2007-10-31,64385.00,65949.00,64385.00,65318.00,4318400,65318.00
2007-10-30,65044.00,65147.00,64264.00,64383.00,7817400,64383.00
2007-10-29,64275.00,65670.00,64275.00,65044.00,7741000,65044.00
2007-10-26,62346.00,64320.00,62346.00,64276.00,6239600,64276.00
2007-10-25,62628.00,63206.00,61968.00,62341.00,6487200,62341.00
2007-10-24,62693.00,62816.00,61448.00,62625.00,7745200,62625.00
2007-10-23,61214.00,62773.00,61214.00,62697.00,7591000,62697.00
2007-10-22,60884.00,61379.00,59473.00,61215.00,4185400,61215.00
2007-10-19,63270.00,63349.00,60883.00,60894.00,5454000,60894.00
2007-10-18,63192.00,63322.00,61943.00,63261.00,4539800,63261.00
2007-10-17,61720.00,63194.00,61460.00,63194.00,7642000,63194.00
2007-10-16,62965.00,62965.00,61565.00,61718.00,4902600,61718.00
2007-10-15,62456.00,63841.00,62412.00,62969.00,4598800,62969.00
2007-10-11,63197.00,64169.00,61487.00,62456.00,5273600,62456.00
2007-10-10,63550.00,63565.00,62894.00,63197.00,4719800,63197.00
2007-10-09,62661.00,63658.00,62661.00,63549.00,7505800,63549.00
2007-10-08,62319.00,62725.00,61841.00,62661.00,4076200,62661.00
2007-10-05,60408.00,62704.00,60408.00,62319.00,9083000,62319.00
2007-10-04,60102.00,61080.00,59536.00,60407.00,8710600,60407.00
2007-10-03,62021.00,62021.00,60094.00,60099.00,6852200,60099.00
2007-10-02,62341.00,62356.00,61241.00,62017.00,6097200,62017.00
2007-10-01,60465.00,62355.00,60465.00,62340.00,15394000,62340.00
2007-09-28,61054.00,61054.00,60086.00,60465.00,5429200,60465.00
2007-09-27,59713.00,61052.00,59713.00,61052.00,6392800,61052.00
2007-09-26,58859.00,59825.00,58859.00,59715.00,6099200,59715.00
2007-09-25,58717.00,58862.00,57969.00,58858.00,3464800,58858.00
2007-09-24,57799.00,58719.00,57799.00,58719.00,5824600,58719.00
2007-09-21,56919.00,57899.00,56919.00,57799.00,7360400,57799.00
2007-09-20,57263.00,57609.00,56607.00,56906.00,4655000,56906.00
2007-09-19,56675.00,58079.00,56675.00,57264.00,7791400,57264.00
2007-09-18,54351.00,56844.00,54351.00,56666.00,7547200,56666.00
2007-09-17,54671.00,54733.00,53691.00,54341.00,4175800,54341.00
2007-09-14,54909.00,55465.00,54378.00,54671.00,5843200,54671.00
2007-09-13,53883.00,55087.00,53883.00,54908.00,3627600,54908.00
2007-09-12,53922.00,54622.00,53718.00,53883.00,5599000,53883.00
2007-09-11,52660.00,53954.00,52660.00,53921.00,4894200,53921.00
2007-09-10,54554.00,54554.00,52321.00,52653.00,4085000,52653.00
2007-09-06,54413.00,55094.00,54413.00,54569.00,5897800,54569.00
2007-09-05,55243.00,55243.00,54156.00,54408.00,2828400,54408.00
2007-09-04,54834.00,55566.00,54588.00,55250.00,9577600,55250.00
2007-09-03,54641.00,54998.00,54519.00,54833.00,5239000,54833.00
2007-08-31,52874.00,54715.00,52874.00,54637.00,46496600,54637.00
2007-08-30,52728.00,53645.00,52223.00,52858.00,28670400,52858.00
2007-08-29,51648.00,52810.00,51647.00,52735.00,20048400,52735.00
2007-08-28,53072.00,53072.00,51390.00,51645.00,20718200,51645.00
2007-08-27,52995.00,53396.00,52502.00,53078.00,23481800,53078.00
2007-08-24,51845.00,52998.00,51390.00,52998.00,48704200,52998.00
2007-08-23,51745.00,52351.00,51082.00,51848.00,18680600,51848.00
2007-08-22,49815.00,51749.00,49815.00,51745.00,26165200,51745.00
2007-08-21,49208.00,50064.00,48739.00,49815.00,25605200,49815.00
2007-08-20,48561.00,49574.00,48561.00,49206.00,40150000,49206.00
2007-08-17,48026.00,49588.00,46877.00,48559.00,69136800,48559.00
2007-08-16,49281.00,49281.00,44938.00,48016.00,94943000,48016.00
2007-08-15,50912.00,51286.00,49106.00,49285.00,108086200,49285.00
2007-08-14,52434.00,52945.00,50912.00,50912.00,49403000,50912.00
2007-08-13,52647.00,53670.00,52202.00,52434.00,48389000,52434.00
2007-08-10,53431.00,53431.00,51682.00,52638.00,58812200,52638.00
2007-08-09,55213.00,55213.00,53324.00,53431.00,50735200,53431.00
2007-08-08,53804.00,55616.00,53804.00,55241.00,64404600,55241.00
2007-08-07,53092.00,54113.00,52746.00,53802.00,37271000,53802.00
2007-08-06,52846.00,53207.00,51317.00,53091.00,81613200,53091.00
2007-08-03,54697.00,54725.00,52575.00,52846.00,83125000,52846.00
2007-08-02,54245.00,54959.00,54202.00,54691.00,46542600,54691.00
2007-08-01,54170.00,54234.00,53036.00,54234.00,60579400,54234.00
2007-07-31,54602.00,55662.00,54169.00,54183.00,60286200,54183.00
2007-07-30,52925.00,54790.00,52925.00,54573.00,46189400,54573.00
2007-07-27,53893.00,54407.00,52922.00,52922.00,64166800,52922.00
2007-07-26,55998.00,55998.00,52627.00,53893.00,80241800,53893.00
2007-07-25,55797.00,56409.00,54520.00,56001.00,79978200,56001.00
2007-07-24,58036.00,58057.00,55165.00,55795.00,61823000,55795.00
2007-07-23,57443.00,58070.00,57443.00,58037.00,40731200,58037.00
2007-07-20,58125.00,58125.00,57103.00,57443.00,36497000,57443.00
2007-07-19,57556.00,58293.00,57556.00,58125.00,000,58125.00
2007-07-18,57660.00,57660.00,56903.00,57556.00,000,57556.00
2007-07-17,57376.00,57799.00,57307.00,57660.00,000,57660.00
2007-07-16,57644.00,57666.00,57035.00,57374.00,51594200,57374.00
2007-07-13,57613.00,57983.00,57327.00,57644.00,49967000,57644.00
2007-07-12,56380.00,57676.00,56378.00,57613.00,43539800,57613.00
2007-07-11,55882.00,56495.00,55628.00,56356.00,42577400,56356.00
2007-07-10,56444.00,56544.00,55678.00,55883.00,50772400,55883.00
2007-07-06,55932.00,56444.00,55932.00,56444.00,39105400,56444.00
2007-07-05,55696.00,55932.00,55345.00,55932.00,54025000,55932.00
2007-07-04,55698.00,56000.00,55598.00,55696.00,23831400,55696.00
2007-07-03,55371.00,55783.00,55259.00,55700.00,33761000,55700.00
2007-07-02,54396.00,55386.00,54396.00,55371.00,67223800,55371.00
2007-06-29,54150.00,54783.00,53958.00,54392.00,85396000,54392.00
2007-06-28,54154.00,54648.00,54147.00,54147.00,89190200,54147.00
2007-06-27,53852.00,54164.00,53202.00,54143.00,86424600,54143.00
2007-06-26,54045.00,54413.00,53842.00,53852.00,68430600,53852.00
2007-06-25,54270.00,54605.00,53605.00,54042.00,84710200,54042.00
2007-06-22,54644.00,54644.00,53952.00,54267.00,94636800,54267.00
2007-06-21,54030.00,54844.00,53911.00,54657.00,103576000,54657.00
2007-06-20,54644.00,55003.00,54029.00,54029.00,120526300,54029.00
2007-06-19,54730.00,54797.00,54450.00,54644.00,99302200,54644.00
2007-06-18,54519.00,55000.00,54355.00,54730.00,115684800,54730.00
2007-06-15,53723.00,54726.00,53723.00,54519.00,123495800,54519.00
2007-06-14,53011.00,53798.00,53009.00,53713.00,97862600,53713.00
2007-06-13,51799.00,53226.00,51799.00,52994.00,175650400,52994.00
2007-06-12,52776.00,52776.00,51643.00,51797.00,75774200,51797.00
2007-06-11,52324.00,52952.00,52184.00,52777.00,81569800,52777.00
2007-06-08,52045.00,52500.00,50885.00,52330.00,84325800,52330.00
2007-06-06,53162.00,53162.00,51869.00,52049.00,92944800,52049.00
2007-06-05,53245.00,53271.00,52673.00,53162.00,89869200,53162.00
2007-06-04,53423.00,53423.00,52651.00,53243.00,90055800,53243.00
2007-06-01,52271.00,53423.00,52271.00,53423.00,148685200,53423.00
2007-05-31,52536.00,52877.00,52098.00,52268.00,125166600,52268.00
2007-05-30,51706.00,52595.00,50607.00,52528.00,140483000,52528.00
2007-05-29,52121.00,52545.00,51271.00,51713.00,158100700,51713.00
2007-05-28,51616.00,52209.00,51616.00,52120.00,58686200,52120.00
2007-05-25,50541.00,51633.00,50541.00,51618.00,93920400,51618.00
2007-05-24,51813.00,51891.00,50214.00,50531.00,104114900,50531.00
2007-05-23,52210.00,52505.00,51670.00,51813.00,177385300,51813.00
2007-05-22,52424.00,52561.00,52039.00,52208.00,54601200,52208.00
2007-05-21,52078.00,52691.00,52078.00,52423.00,128956500,52423.00
2007-05-18,51633.00,52088.00,51499.00,52078.00,103165200,52078.00
2007-05-17,51741.00,51959.00,51374.00,51631.00,100343900,51631.00
2007-05-16,50518.00,51738.00,50518.00,51738.00,154949100,51738.00
2007-05-15,50511.00,51042.00,50370.00,50518.00,88112800,50518.00
2007-05-14,50910.00,51066.00,50298.00,50511.00,82391800,50511.00
2007-05-11,50235.00,51083.00,50235.00,50902.00,146071500,50902.00
2007-05-10,51298.00,51298.00,50205.00,50235.00,183381300,50235.00
2007-05-09,50277.00,51369.00,50149.00,51300.00,129546400,51300.00
2007-05-08,50276.00,50369.00,49526.00,50278.00,58598200,50278.00
2007-05-07,50591.00,50618.00,50154.00,50282.00,30581600,50282.00
2007-05-04,50218.00,50898.00,50218.00,50598.00,48752600,50598.00
2007-05-03,49472.00,50318.00,49472.00,50218.00,61496600,50218.00
2007-05-02,48955.00,49630.00,48953.00,49472.00,82439200,49472.00
2007-04-30,49222.00,49482.00,48744.00,48956.00,155714300,48956.00
2007-04-27,49067.00,49232.00,48311.00,49230.00,97450000,49230.00
2007-04-26,49678.00,49856.00,49060.00,49068.00,130519800,49068.00
2007-04-25,49072.00,49816.00,49072.00,49676.00,139457700,49676.00
2007-04-24,49162.00,49259.00,48602.00,49071.00,85154000,49071.00
2007-04-23,49409.00,49477.00,49097.00,49162.00,84795800,49162.00
2007-04-20,48763.00,49459.00,48763.00,49408.00,155979900,49408.00
2007-04-19,48705.00,48837.00,47917.00,48762.00,168338300,48762.00
2007-04-18,48760.00,49339.00,48456.00,48710.00,190930900,48710.00
2007-04-17,48923.00,49156.00,48631.00,48755.00,140107200,48755.00
2007-04-16,47925.00,49022.00,47925.00,48921.00,155061700,48921.00
2007-04-13,47347.00,47968.00,47267.00,47926.00,122908200,47926.00
2007-04-12,46941.00,47389.00,46506.00,47347.00,117205600,47347.00
2007-04-11,47173.00,47573.00,46680.00,46939.00,169053700,46939.00
2007-04-10,46855.00,47234.00,46822.00,47174.00,165433200,47174.00
2007-04-09,46650.00,47239.00,46650.00,46855.00,124565500,46855.00
2007-04-05,46555.00,46767.00,46418.00,46647.00,113833700,46647.00
2007-04-04,46290.00,46692.00,46113.00,46554.00,121560000,46554.00
2007-04-03,45601.00,46481.00,45601.00,46288.00,208963000,46288.00
2007-04-02,45805.00,45805.00,45225.00,45597.00,141629100,45597.00
2007-03-30,45355.00,45805.00,45138.00,45805.00,124972500,45805.00
2007-03-29,44493.00,45570.00,44493.00,45355.00,134403900,45355.00
2007-03-28,45204.00,45204.00,44315.00,44484.00,132180500,44484.00
2007-03-27,45646.00,45646.00,45143.00,45207.00,95099400,45207.00
2007-03-26,45533.00,45712.00,44965.00,45645.00,78423800,45645.00
2007-03-23,45425.00,45759.00,45168.00,45533.00,82313000,45533.00
2007-03-22,45631.00,45950.00,45272.00,45424.00,139703500,45424.00
2007-03-21,44350.00,45631.00,44350.00,45631.00,201404600,45631.00
2007-03-20,43713.00,44353.00,43679.00,44351.00,165675100,44351.00
2007-03-19,42734.00,43714.00,42734.00,43713.00,142704400,43713.00
2007-03-16,43278.00,43568.00,42598.00,42730.00,112346700,42730.00
2007-03-15,43289.00,43573.00,42951.00,43278.00,136954300,43278.00
2007-03-14,42749.00,43290.00,42051.00,43288.00,160333800,43288.00
2007-03-13,44249.00,44249.00,42724.00,42749.00,159221400,42749.00
2007-03-12,44133.00,44406.00,43845.00,44249.00,116185400,44249.00
2007-03-09,43466.00,44173.00,43466.00,44133.00,129008600,44133.00
2007-03-08,42672.00,43726.00,42672.00,43466.00,85353800,43466.00
2007-03-07,43224.00,43396.00,42660.00,42667.00,128354000,42667.00
2007-03-06,41192.00,43218.00,41192.00,43218.00,119195300,43218.00
2007-03-05,42370.00,42370.00,41117.00,41179.00,123682700,41179.00
2007-03-02,43518.00,43518.00,42297.00,42370.00,199570400,42370.00
2007-03-01,43886.00,43886.00,42037.00,43517.00,131228800,43517.00
2007-02-28,43150.00,43923.00,43122.00,43892.00,176098100,43892.00
2007-02-27,46190.00,46190.00,42571.00,43145.00,189354000,43145.00
2007-02-26,46021.00,46450.00,45885.00,46207.00,94900800,46207.00
2007-02-23,46452.00,46517.00,45813.00,46016.00,76534200,46016.00
2007-02-22,46097.00,46752.00,46097.00,46452.00,121582000,46452.00
2007-02-21,45849.00,46095.00,45558.00,46090.00,73069000,46090.00
2007-02-16,45955.00,45966.00,45614.00,45849.00,107391100,45849.00
2007-02-15,45996.00,46178.00,45734.00,45955.00,140012600,45955.00
2007-02-14,45198.00,46106.00,45198.00,45996.00,232265300,45996.00
2007-02-13,43932.00,45197.00,43932.00,45197.00,116712300,45197.00
2007-02-12,44286.00,44464.00,43850.00,43935.00,94842200,43935.00
2007-02-09,44894.00,45050.00,44180.00,44284.00,133298700,44284.00
2007-02-08,44585.00,44892.00,44070.00,44892.00,124663400,44892.00
2007-02-07,45352.00,45425.00,44488.00,44588.00,114293700,44588.00
2007-02-06,45287.00,45486.00,45038.00,45352.00,109404000,45352.00
2007-02-05,44999.00,45286.00,44851.00,45286.00,79481200,45286.00
2007-02-02,44815.00,45204.00,44597.00,44998.00,106514300,44998.00
2007-02-01,44642.00,45212.00,44642.00,44815.00,120498200,44815.00
2007-01-31,44046.00,44643.00,43824.00,44642.00,131510700,44642.00
2007-01-30,43573.00,44065.00,43508.00,44044.00,110700200,44044.00
2007-01-29,44414.00,44435.00,43555.00,43573.00,95144400,43573.00
2007-01-26,44687.00,44687.00,43870.00,44412.00,102456700,44412.00
2007-01-24,44177.00,44808.00,44041.00,44687.00,114652200,44687.00
2007-01-23,43549.00,44243.00,43432.00,44177.00,109921200,44177.00
2007-01-22,43431.00,43879.00,43183.00,43553.00,70802000,43553.00
2007-01-19,42477.00,43428.00,42477.00,43428.00,000,43428.00
2007-01-18,42741.00,43402.00,42407.00,42478.00,97203200,42478.00
2007-01-17,42626.00,42930.00,42252.00,42735.00,73003000,42735.00
2007-01-16,42916.00,42916.00,42415.00,42624.00,93088400,42624.00
2007-01-15,43095.00,43473.00,42875.00,42919.00,45027800,42919.00
2007-01-12,42669.00,43188.00,42526.00,43095.00,96842400,43095.00
2007-01-11,42336.00,43128.00,41940.00,42670.00,84165800,42670.00
2007-01-10,42001.00,42336.00,41266.00,42336.00,110755900,42336.00
2007-01-09,42831.00,43001.00,41438.00,42007.00,112991900,42007.00
2007-01-08,42249.00,42926.00,42144.00,42830.00,114007100,42830.00
2007-01-05,44019.00,44081.00,42160.00,42245.00,164055000,42245.00
2007-01-04,44442.00,44442.00,43623.00,44020.00,86577000,44020.00
2007-01-03,45379.00,45379.00,44284.00,44445.00,122372800,44445.00
2007-01-02,44476.00,45388.00,44476.00,45383.00,75560200,45383.00
2006-12-28,44526.00,44675.00,44373.00,44474.00,113108900,44474.00
2006-12-27,43602.00,44526.00,43602.00,44526.00,101324300,44526.00
2006-12-26,43356.00,43611.00,43356.00,43603.00,47331000,43603.00
2006-12-22,43385.00,43602.00,43125.00,43356.00,65730800,43356.00
2006-12-21,43505.00,43689.00,43100.00,43385.00,80744600,43385.00
2006-12-20,43592.00,43946.00,43379.00,43502.00,111485500,43502.00
2006-12-19,43038.00,43590.00,42891.00,43590.00,000,43590.00
2006-12-18,43596.00,44048.00,43400.00,43509.00,138330400,43509.00
2006-12-15,43755.00,44263.00,43447.00,43596.00,140263800,43596.00
2006-12-14,43291.00,43797.00,43291.00,43755.00,155097100,43755.00
2006-12-13,43026.00,43394.00,42783.00,43285.00,194334000,43285.00
2006-12-12,43297.00,43297.00,42794.00,43018.00,94209200,43018.00
2006-12-11,42968.00,43432.00,42968.00,43297.00,99182800,43297.00
2006-12-08,42910.00,43303.00,42818.00,42978.00,66396000,42978.00
2006-12-07,43097.00,43506.00,42758.00,42909.00,81579600,42909.00
2006-12-06,43158.00,43422.00,42831.00,43096.00,87843400,43096.00
2006-12-05,42652.00,43261.00,42636.00,43157.00,97888000,43157.00
2006-12-04,41329.00,42660.00,41282.00,42654.00,86575800,42654.00
2006-12-01,41930.00,42095.00,41192.00,41327.00,84178800,41327.00
2006-11-30,41971.00,42175.00,41497.00,41932.00,141201400,41932.00
2006-11-29,41041.00,41988.00,41041.00,41970.00,146202300,41970.00
2006-11-28,40915.00,41083.00,40428.00,41043.00,000,41043.00
2006-11-27,41758.00,41758.00,40722.00,40915.00,000,40915.00
2006-11-24,42071.00,42071.00,41468.00,41758.00,92538600,41758.00
2006-11-23,41913.00,42308.00,41913.00,42070.00,91746800,42070.00
2006-11-22,41579.00,41951.00,41308.00,41913.00,109892600,41913.00
2006-11-21,41029.00,41570.00,40986.00,41570.00,118526800,41570.00
2006-11-17,41164.00,41164.00,40482.00,41029.00,000,41029.00
2006-11-16,41296.00,41781.00,41153.00,41162.00,157412900,41162.00
2006-11-14,40607.00,41342.00,40607.00,41291.00,141768700,41291.00
2006-11-13,40724.00,40724.00,40038.00,40606.00,116856500,40606.00
2006-11-10,40815.00,40942.00,40322.00,40720.00,163280500,40720.00
2006-11-09,41334.00,41813.00,40657.00,40815.00,140119600,40815.00
2006-11-08,41042.00,41345.00,40624.00,41334.00,142110100,41334.00
2006-11-07,41247.00,41402.00,40863.00,41048.00,129699300,41048.00
2006-11-06,40437.00,41256.00,40437.00,41247.00,171533400,41247.00
2006-11-03,39930.00,40482.00,39924.00,40435.00,160846800,40435.00
2006-11-01,39279.00,40104.00,39279.00,39930.00,151358200,39930.00
2006-10-31,38900.00,39263.00,38880.00,39263.00,166833700,39263.00
2006-10-30,39327.00,39340.00,38681.00,38900.00,94526000,38900.00
2006-10-27,39640.00,39746.00,39293.00,39328.00,115174800,39328.00
2006-10-26,39563.00,39843.00,39365.00,39645.00,98565000,39645.00
2006-10-25,39499.00,39721.00,39341.00,39563.00,122633500,39563.00
2006-10-24,39227.00,39552.00,39091.00,39499.00,74334200,39499.00
2006-10-23,38643.00,39227.00,38273.00,39227.00,101060500,39227.00
2006-10-20,38919.00,38958.00,38440.00,38643.00,71733800,38643.00
2006-10-19,38595.00,38940.00,38561.00,38920.00,000,38920.00
2006-10-18,38898.00,39446.00,38557.00,38686.00,208399200,38686.00
2006-10-17,39226.00,39226.00,38672.00,38898.00,88848400,38898.00
2006-10-16,38852.00,39261.00,38672.00,39229.00,110698100,39229.00
2006-10-13,38328.00,39177.00,38328.00,38850.00,112580700,38850.00
2006-10-11,38652.00,38652.00,38091.00,38322.00,87991000,38322.00
2006-10-10,38411.00,38778.00,38407.00,38655.00,119440600,38655.00
2006-10-09,37930.00,38626.00,37736.00,38406.00,111501800,38406.00
2006-10-06,37976.00,37976.00,37493.00,37940.00,88616400,37940.00
2006-10-05,37750.00,38205.00,37624.00,37977.00,147085300,37977.00
2006-10-04,36441.00,37780.00,36441.00,37749.00,201054100,37749.00
2006-10-03,37057.00,37057.00,36438.00,36438.00,121786200,36438.00
2006-10-02,36450.00,37317.00,36450.00,37058.00,149989200,37058.00
2006-09-29,36486.00,36570.00,36261.00,36449.00,128959000,36449.00
2006-09-28,36105.00,36487.00,36031.00,36486.00,124881800,36486.00
2006-09-27,35817.00,36114.00,35611.00,36106.00,152445400,36106.00
2006-09-26,34972.00,35827.00,34972.00,35819.00,121505000,35819.00
2006-09-25,34803.00,35054.00,34127.00,34973.00,126964700,34973.00
2006-09-22,34829.00,34897.00,34397.00,34799.00,131281600,34799.00
2006-09-21,35199.00,35332.00,34624.00,34830.00,198934000,34830.00
2006-09-20,35889.00,36069.00,34928.00,35197.00,153831600,35197.00
2006-09-19,36477.00,36487.00,35555.00,35886.00,115664900,35886.00
2006-09-18,36168.00,36670.00,36134.00,36483.00,68704200,36483.00
2006-09-15,36154.00,36469.00,35878.00,36170.00,81902200,36170.00
2006-09-14,36548.00,36680.00,36087.00,36154.00,91091800,36154.00
2006-09-13,36147.00,36726.00,36034.00,36550.00,142775800,36550.00
2006-09-12,35777.00,36147.00,35626.00,36147.00,127765600,36147.00
2006-09-11,36561.00,36561.00,35666.00,35772.00,158480500,35772.00
2006-09-08,36705.00,36725.00,36495.00,36558.00,80359000,36558.00
2006-09-06,37368.00,37368.00,36710.00,36710.00,99016400,36710.00
2006-09-05,37693.00,37693.00,37271.00,37368.00,104148400,37368.00
2006-09-04,37330.00,37739.00,37287.00,37693.00,83711000,37693.00
2006-09-01,36232.00,37329.00,36232.00,37329.00,98953400,37329.00
2006-08-31,36313.00,36606.00,36013.00,36232.00,000,36232.00
2006-08-30,36303.00,36520.00,36125.00,36313.00,144235600,36313.00
2006-08-29,36384.00,36617.00,36013.00,36304.00,000,36304.00
2006-08-28,35958.00,36389.00,35649.00,36375.00,000,36375.00
2006-08-25,35795.00,36128.00,35586.00,35958.00,000,35958.00
2006-08-24,35514.00,35872.00,35123.00,35797.00,000,35797.00
2006-08-23,36675.00,36690.00,35512.00,35512.00,000,35512.00
2006-08-22,37161.00,37255.00,36511.00,36678.00,000,36678.00
2006-08-21,37550.00,37550.00,37139.00,37161.00,000,37161.00
2006-08-18,37559.00,37589.00,37178.00,37552.00,000,37552.00
2006-08-17,37451.00,38022.00,37402.00,37559.00,000,37559.00
2006-08-16,37296.00,37697.00,37210.00,37678.00,000,37678.00
2006-08-15,36559.00,37417.00,36559.00,37296.00,000,37296.00
2006-08-14,36950.00,37184.00,36490.00,36557.00,000,36557.00
2006-08-11,37354.00,37502.00,36886.00,36944.00,000,36944.00
2006-08-10,37255.00,37423.00,36929.00,37354.00,000,37354.00
2006-08-09,37602.00,38086.00,37180.00,37255.00,000,37255.00
2006-08-08,37699.00,38081.00,37532.00,37600.00,000,37600.00
2006-08-07,37845.00,37879.00,37518.00,37698.00,000,37698.00
2006-08-04,37462.00,38172.00,37462.00,37848.00,000,37848.00
2006-08-03,37288.00,37688.00,36893.00,37451.00,000,37451.00
2006-08-02,36843.00,37481.00,36834.00,37288.00,000,37288.00
2006-08-01,37077.00,37084.00,36536.00,36839.00,000,36839.00
2006-07-31,37381.00,37399.00,37077.00,37077.00,000,37077.00
2006-07-28,36886.00,37522.00,36841.00,37381.00,000,37381.00
2006-07-27,36595.00,37112.00,36593.00,36888.00,000,36888.00
2006-07-26,36681.00,36951.00,36475.00,36594.00,000,36594.00
2006-07-25,36223.00,36709.00,36011.00,36681.00,000,36681.00
2006-07-24,35525.00,36283.00,35525.00,36224.00,000,36224.00
2006-07-21,35847.00,36144.00,35307.00,35510.00,000,35510.00
2006-07-20,36786.00,37043.00,35847.00,35847.00,000,35847.00
2006-07-19,35136.00,36785.00,35136.00,36785.00,000,36785.00
2006-07-18,34871.00,35311.00,34591.00,35130.00,000,35130.00
2006-07-17,35344.00,35469.00,34814.00,34866.00,000,34866.00
2006-07-14,35353.00,35651.00,35001.00,35350.00,000,35350.00
2006-07-13,36221.00,36221.00,35344.00,35354.00,000,35354.00
2006-07-12,36555.00,36747.00,36189.00,36230.00,000,36230.00
2006-07-11,36137.00,36581.00,35590.00,36554.00,000,36554.00
2006-07-10,36107.00,36427.00,35863.00,36141.00,000,36141.00
2006-07-07,36541.00,36796.00,35850.00,36102.00,000,36102.00
2006-07-06,36380.00,36993.00,36380.00,36533.00,000,36533.00
2006-07-05,37366.00,37366.00,36304.00,36378.00,000,36378.00
2006-07-04,37358.00,37601.00,37188.00,37367.00,000,37367.00
2006-07-03,36629.00,37402.00,36534.00,37357.00,000,37357.00
2006-06-30,36487.00,37036.00,36359.00,36631.00,000,36631.00
2006-06-29,34835.00,36487.00,34835.00,36487.00,000,36487.00
2006-06-28,34374.00,34837.00,34349.00,34835.00,000,34835.00
2006-06-27,34631.00,35015.00,34368.00,34376.00,000,34376.00
2006-06-26,34663.00,34875.00,34584.00,34631.00,000,34631.00
2006-06-23,34314.00,34864.00,33880.00,34661.00,000,34661.00
2006-06-22,34544.00,34714.00,34226.00,34317.00,000,34317.00
2006-06-21,33632.00,34601.00,33216.00,34547.00,000,34547.00
2006-06-20,33897.00,34156.00,33568.00,33632.00,000,33632.00
2006-06-19,34407.00,34669.00,33549.00,33897.00,000,33897.00
2006-06-16,32942.00,34543.00,32942.00,34399.00,000,34399.00
2006-06-14,32848.00,33474.00,32057.00,32941.00,000,32941.00
2006-06-13,33535.00,33582.00,32824.00,32848.00,000,32848.00
2006-06-12,35083.00,35266.00,33537.00,33555.00,000,33555.00
2006-06-09,35438.00,36181.00,35075.00,35075.00,000,35075.00
2006-06-08,35262.00,35608.00,34360.00,35438.00,000,35438.00
2006-06-07,36559.00,36771.00,35262.00,35264.00,000,35264.00
2006-06-06,36740.00,36740.00,35673.00,36558.00,000,36558.00
2006-06-05,37939.00,37976.00,36670.00,36740.00,000,36740.00
2006-06-02,37750.00,38437.00,37411.00,37942.00,000,37942.00
2006-06-01,36531.00,37748.00,36502.00,37748.00,000,37748.00
2006-05-31,36414.00,37216.00,36362.00,36530.00,000,36530.00
2006-05-30,38149.00,38149.00,36413.00,36413.00,000,36413.00
2006-05-29,38634.00,38734.00,38055.00,38145.00,000,38145.00
2006-05-26,37574.00,38510.00,37574.00,38506.00,000,38506.00
2006-05-25,35794.00,37569.00,35794.00,37569.00,000,37569.00
2006-05-24,36104.00,36341.00,34911.00,35792.00,000,35792.00
2006-05-23,36498.00,37567.00,36099.00,36110.00,000,36110.00
2006-05-22,37732.00,37732.00,35664.00,36497.00,000,36497.00
2006-05-19,37820.00,38465.00,37325.00,37733.00,000,37733.00
2006-05-18,38290.00,38591.00,37807.00,37807.00,000,37807.00
2006-05-17,39411.00,39411.00,38099.00,38291.00,000,38291.00
2006-05-16,39271.00,39953.00,38923.00,39416.00,000,39416.00
2006-05-15,39688.00,40209.00,38871.00,39271.00,000,39271.00
2006-05-12,40847.00,40862.00,40121.00,40223.00,000,40223.00
2006-05-11,41758.00,42062.00,40777.00,40847.00,000,40847.00
2006-05-10,41981.00,41985.00,41418.00,41752.00,000,41752.00
2006-05-09,41505.00,42016.00,41446.00,41979.00,000,41979.00
2006-05-08,41417.00,41693.00,41095.00,41515.00,000,41515.00
2006-05-05,40976.00,41449.00,40976.00,41417.00,000,41417.00
2006-05-04,40926.00,41258.00,40894.00,40976.00,000,40976.00
2006-05-03,41016.00,41068.00,40574.00,40920.00,000,40920.00
2006-05-02,40365.00,41017.00,40277.00,41017.00,000,41017.00
2006-04-28,39752.00,40425.00,39752.00,40363.00,000,40363.00
2006-04-27,40410.00,40410.00,39631.00,39751.00,000,39751.00
2006-04-26,39739.00,40422.00,39739.00,40410.00,000,40410.00
2006-04-25,39753.00,39953.00,39577.00,39738.00,000,39738.00
2006-04-24,39775.00,40089.00,39616.00,39751.00,000,39751.00
2006-04-20,39941.00,40278.00,39435.00,39775.00,000,39775.00
2006-04-19,39581.00,40026.00,39492.00,39938.00,000,39938.00
2006-04-18,38466.00,39584.00,38466.00,39572.00,000,39572.00
2006-04-17,38086.00,38698.00,38086.00,38462.00,000,38462.00
2006-04-13,38426.00,38479.00,37984.00,38082.00,000,38082.00
2006-04-12,37901.00,38448.00,37816.00,38427.00,000,38427.00
2006-04-11,38478.00,38885.00,37823.00,37901.00,000,37901.00
2006-04-10,38927.00,38927.00,38239.00,38475.00,000,38475.00
2006-04-07,39285.00,39397.00,38630.00,38926.00,000,38926.00
2006-04-06,39053.00,39310.00,38700.00,39285.00,000,39285.00
2006-04-05,38803.00,39054.00,38475.00,39053.00,000,39053.00
2006-04-04,38718.00,39086.00,38606.00,38802.00,000,38802.00
2006-04-03,37952.00,38851.00,37952.00,38717.00,000,38717.00
2006-03-31,37783.00,38016.00,37619.00,37952.00,000,37952.00
2006-03-30,37493.00,38089.00,37469.00,37777.00,000,37777.00
2006-03-29,36684.00,37492.00,36684.00,37492.00,000,37492.00
2006-03-28,37640.00,37731.00,36682.00,36682.00,000,36682.00
2006-03-27,37577.00,37893.00,37153.00,37641.00,000,37641.00
2006-03-24,37473.00,37775.00,37301.00,37577.00,000,37577.00
2006-03-23,37850.00,38128.00,37207.00,37474.00,000,37474.00
2006-03-22,37398.00,37851.00,37156.00,37851.00,000,37851.00
2006-03-21,38204.00,38204.00,37351.00,37398.00,000,37398.00
2006-03-20,38049.00,38500.00,37978.00,38204.00,000,38204.00
2006-03-17,38159.00,38268.00,37769.00,38049.00,000,38049.00
2006-03-16,38245.00,38578.00,37962.00,38157.00,000,38157.00
2006-03-15,37546.00,38341.00,37543.00,38244.00,000,38244.00
2006-03-14,36789.00,37541.00,36417.00,37541.00,000,37541.00
2006-03-13,36891.00,37259.00,36513.00,36793.00,000,36793.00
2006-03-10,36328.00,37161.00,36218.00,36891.00,000,36891.00
2006-03-09,37289.00,37739.00,36085.00,36312.00,000,36312.00
2006-03-08,37421.00,37421.00,36446.00,37289.00,000,37289.00
2006-03-07,38350.00,38350.00,37130.00,37423.00,000,37423.00
2006-03-06,39241.00,39395.00,38348.00,38354.00,000,38354.00
2006-03-03,39129.00,39356.00,38716.00,39240.00,000,39240.00
2006-03-02,39182.00,39367.00,38989.00,39126.00,000,39126.00
2006-03-01,38610.00,39203.00,38533.00,39178.00,000,39178.00
2006-02-24,38406.00,38610.00,38337.00,38610.00,000,38610.00
2006-02-23,38242.00,38522.00,37747.00,38405.00,000,38405.00
2006-02-22,38166.00,38633.00,38056.00,38246.00,000,38246.00
2006-02-21,38541.00,38978.00,38166.00,38166.00,000,38166.00
2006-02-20,38418.00,38678.00,38032.00,38539.00,000,38539.00
2006-02-17,38256.00,38642.00,38256.00,38422.00,000,38422.00
2006-02-16,37245.00,38268.00,37245.00,38256.00,000,38256.00
2006-02-15,36629.00,37447.00,36422.00,37239.00,000,37239.00
2006-02-14,36117.00,36734.00,35891.00,36627.00,000,36627.00
2006-02-13,36975.00,37076.00,36114.00,36114.00,000,36114.00
2006-02-10,36886.00,37813.00,36633.00,36975.00,000,36975.00
2006-02-09,36501.00,37177.00,36501.00,36882.00,000,36882.00
2006-02-08,36553.00,36784.00,36183.00,36499.00,000,36499.00
2006-02-07,37320.00,37376.00,36556.00,36562.00,000,36562.00
2006-02-06,37262.00,37776.00,37229.00,37321.00,000,37321.00
2006-02-03,37304.00,37609.00,36526.00,37262.00,000,37262.00
2006-02-02,38482.00,38508.00,37237.00,37304.00,000,37304.00
2006-02-01,38382.00,38500.00,37886.00,38485.00,000,38485.00
2006-01-31,38243.00,38456.00,37630.00,38383.00,000,38383.00
2006-01-30,37824.00,38276.00,37501.00,38242.00,000,38242.00
2006-01-27,38018.00,38804.00,37688.00,37822.00,000,37822.00
2006-01-26,37402.00,38031.00,37402.00,38014.00,000,38014.00
2006-01-24,36632.00,37428.00,36632.00,37400.00,000,37400.00
2006-01-23,36687.00,36771.00,36213.00,36632.00,000,36632.00
2006-01-20,36857.00,36938.00,36432.00,36695.00,000,36695.00
2006-01-19,35813.00,36979.00,35813.00,36858.00,000,36858.00
2006-01-18,36115.00,36115.00,35380.00,35805.00,000,35805.00
2006-01-17,36534.00,36534.00,35817.00,36119.00,000,36119.00
2006-01-16,35897.00,36534.00,35891.00,36534.00,000,36534.00
2006-01-13,35779.00,35951.00,35480.00,35897.00,000,35897.00
2006-01-12,35953.00,36286.00,35641.00,35779.00,000,35779.00
2006-01-11,35050.00,35953.00,35050.00,35952.00,000,35952.00
2006-01-10,35338.00,35338.00,34687.00,35049.00,000,35049.00
2006-01-09,35475.00,35601.00,35108.00,35337.00,000,35337.00
2006-01-06,35170.00,35529.00,34940.00,35475.00,000,35475.00
2006-01-05,35006.00,35088.00,34681.00,34936.00,000,34936.00
2006-01-04,34540.00,35223.00,34540.00,35002.00,000,35002.00
2006-01-03,33507.00,34563.00,33507.00,34541.00,000,34541.00
2006-01-02,33462.00,33519.00,32860.00,33507.00,000,33507.00
2005-12-29,33137.00,33456.00,33137.00,33456.00,000,33456.00
2005-12-28,33371.00,33463.00,32965.00,33138.00,000,33138.00
2005-12-27,33297.00,33631.00,33239.00,33371.00,000,33371.00
2005-12-26,33331.00,33435.00,33140.00,33298.00,000,33298.00
2005-12-23,33509.00,33575.00,33280.00,33331.00,000,33331.00
2005-12-22,33521.00,33652.00,33463.00,33513.00,000,33513.00
2005-12-21,33068.00,33553.00,33068.00,33517.00,000,33517.00
2005-12-20,33008.00,33140.00,32768.00,33067.00,000,33067.00
2005-12-19,33284.00,33496.00,32908.00,33005.00,000,33005.00
2005-12-16,33193.00,33579.00,33193.00,33292.00,000,33292.00
2005-12-15,33625.00,33799.00,33103.00,33193.00,000,33193.00
2005-12-14,33420.00,33837.00,33369.00,33629.00,000,33629.00
2005-12-13,32971.00,33432.00,32835.00,33420.00,000,33420.00
2005-12-12,32925.00,33299.00,32868.00,32971.00,000,32971.00
2005-12-09,32483.00,32971.00,32483.00,32922.00,000,32922.00
2005-12-08,32756.00,32997.00,32476.00,32480.00,000,32480.00
2005-12-07,33225.00,33271.00,32649.00,32757.00,000,32757.00
2005-12-06,32712.00,33332.00,32712.00,33223.00,000,33223.00
2005-12-05,32835.00,32910.00,32547.00,32701.00,000,32701.00
2005-12-02,32617.00,32936.00,32617.00,32832.00,000,32832.00
2005-12-01,31921.00,32700.00,31921.00,32617.00,000,32617.00
2005-11-30,31652.00,31918.00,31296.00,31917.00,000,31917.00
2005-11-29,31360.00,31767.00,31360.00,31652.00,000,31652.00
2005-11-28,31920.00,32350.00,31337.00,31358.00,000,31358.00
2005-11-25,31947.00,32059.00,31840.00,31920.00,000,31920.00
2005-11-24,31938.00,32123.00,31678.00,31945.00,000,31945.00
2005-11-23,31489.00,32014.00,31489.00,31943.00,000,31943.00
2005-11-22,31110.00,31500.00,30473.00,31489.00,000,31489.00
2005-11-21,31102.00,31291.00,30969.00,31110.00,000,31110.00
2005-11-18,31087.00,31180.00,30887.00,31102.00,000,31102.00
2005-11-17,30483.00,31248.00,30483.00,31087.00,000,31087.00
2005-11-16,30219.00,30516.00,30157.00,30482.00,000,30482.00
2005-11-14,30510.00,30510.00,29948.00,30219.00,000,30219.00
2005-11-11,30722.00,30746.00,30385.00,30511.00,000,30511.00
2005-11-10,30665.00,30726.00,30218.00,30725.00,000,30725.00
2005-11-09,30971.00,31232.00,30493.00,30666.00,000,30666.00
2005-11-08,30951.00,31078.00,30587.00,30971.00,000,30971.00
2005-11-07,30888.00,31363.00,30728.00,30952.00,000,30952.00
2005-11-04,31080.00,31234.00,30584.00,30888.00,000,30888.00
2005-11-03,30899.00,31487.00,30899.00,31100.00,000,31100.00
2005-11-01,30194.00,30981.00,30194.00,30900.00,000,30900.00
2005-10-31,29333.00,30252.00,29333.00,30194.00,000,30194.00
2005-10-28,29133.00,29567.00,29133.00,29318.00,000,29318.00
2005-10-27,29730.00,29842.00,29005.00,29133.00,000,29133.00
2005-10-26,29492.00,29971.00,29244.00,29730.00,000,29730.00
2005-10-25,29837.00,30095.00,29396.00,29498.00,000,29498.00
2005-10-24,29176.00,29835.00,29120.00,29835.00,000,29835.00
2005-10-21,28346.00,29176.00,28346.00,29176.00,000,29176.00
2005-10-20,29300.00,29975.00,28161.00,28344.00,000,28344.00
2005-10-19,29072.00,29558.00,28596.00,29297.00,000,29297.00
2005-10-18,30241.00,30451.00,29068.00,29068.00,000,29068.00
2005-10-17,29777.00,30377.00,29777.00,30242.00,000,30242.00
2005-10-14,29880.00,30251.00,29090.00,29770.00,000,29770.00
2005-10-13,30561.00,30561.00,29337.00,29880.00,000,29880.00
2005-10-11,30275.00,30775.00,30275.00,30614.00,000,30614.00
2005-10-10,29982.00,30502.00,29982.00,30277.00,000,30277.00
2005-10-07,29227.00,30213.00,29227.00,29973.00,000,29973.00
2005-10-06,30165.00,30241.00,28893.00,29227.00,000,29227.00
2005-10-05,31272.00,31272.00,30118.00,30164.00,000,30164.00
2005-10-04,31857.00,32052.00,31235.00,31284.00,000,31284.00
2005-10-03,31582.00,31985.00,31542.00,31856.00,000,31856.00
2005-09-30,31209.00,31584.00,31135.00,31584.00,000,31584.00
2005-09-29,31318.00,31524.00,30839.00,31209.00,000,31209.00
2005-09-28,30879.00,31405.00,30879.00,31317.00,000,31317.00
2005-09-27,31146.00,31219.00,30593.00,30875.00,000,30875.00
2005-09-26,31301.00,31565.00,30957.00,31141.00,000,31141.00
2005-09-23,30683.00,31371.00,30683.00,31294.00,000,31294.00
2005-09-22,30839.00,30931.00,30422.00,30678.00,000,30678.00
2005-09-21,30059.00,30890.00,29815.00,30837.00,000,30837.00
2005-09-20,30076.00,30370.00,29889.00,30059.00,000,30059.00
2005-09-19,29816.00,30076.00,29715.00,30076.00,000,30076.00
2005-09-16,29368.00,29863.00,29368.00,29816.00,000,29816.00
2005-09-15,29048.00,29561.00,29048.00,29366.00,000,29366.00
2005-09-14,28874.00,29152.00,28842.00,29050.00,000,29050.00
2005-09-13,29084.00,29194.00,28814.00,28873.00,000,28873.00
2005-09-12,29308.00,29331.00,28991.00,29086.00,000,29086.00
2005-09-09,28837.00,29387.00,28820.00,29308.00,000,29308.00
2005-09-08,28855.00,28956.00,28709.00,28828.00,000,28828.00
2005-09-06,28523.00,28855.00,28338.00,28855.00,000,28855.00
2005-09-05,28322.00,28579.00,28322.00,28522.00,000,28522.00
2005-09-02,27972.00,28347.00,27972.00,28319.00,000,28319.00
2005-09-01,28044.00,28237.00,27799.00,27962.00,000,27962.00
2005-08-31,27626.00,28072.00,27626.00,28045.00,000,28045.00
2005-08-30,27385.00,27619.00,27339.00,27604.00,000,27604.00
2005-08-29,27113.00,27432.00,26981.00,27385.00,000,27385.00
2005-08-26,27397.00,27422.00,27008.00,27095.00,000,27095.00
2005-08-25,26712.00,27403.00,26712.00,27402.00,000,27402.00
2005-08-24,26769.00,26862.00,26479.00,26712.00,000,26712.00
2005-08-23,27261.00,27264.00,26648.00,26769.00,000,26769.00
2005-08-22,26647.00,27287.00,26647.00,27261.00,000,27261.00
2005-08-19,26909.00,27183.00,26129.00,26644.00,000,26644.00
2005-08-18,27395.00,27419.00,26806.00,26900.00,000,26900.00
2005-08-17,27084.00,27519.00,27057.00,27416.00,000,27416.00
2005-08-16,27376.00,27696.00,26967.00,27080.00,000,27080.00
2005-08-15,26960.00,27413.00,26944.00,27375.00,000,27375.00
2005-08-12,26629.00,26951.00,25734.00,26951.00,000,26951.00
2005-08-11,27099.00,27512.00,26494.00,26633.00,000,26633.00
2005-08-10,27291.00,27606.00,26935.00,27117.00,000,27117.00
2005-08-09,26711.00,27291.00,26711.00,27291.00,000,27291.00
2005-08-08,26521.00,26985.00,26521.00,26711.00,000,26711.00
2005-08-05,26469.00,26881.00,26350.00,26518.00,000,26518.00
2005-08-04,26714.00,26960.00,26440.00,26470.00,000,26470.00
2005-08-03,26789.00,27317.00,26638.00,26714.00,000,26714.00
2005-08-02,26325.00,26824.00,26325.00,26789.00,000,26789.00
2005-08-01,26042.00,26452.00,25911.00,26298.00,000,26298.00
2005-07-29,26065.00,26306.00,25946.00,26042.00,000,26042.00
2005-07-28,25340.00,26125.00,25340.00,26068.00,000,26068.00
2005-07-27,24882.00,25362.00,24774.00,25338.00,000,25338.00
2005-07-26,24506.00,24899.00,24328.00,24868.00,000,24868.00
2005-07-25,25388.00,25388.00,24410.00,24531.00,000,24531.00
2005-07-22,25834.00,25848.00,25244.00,25391.00,000,25391.00
2005-07-21,25706.00,25964.00,25505.00,25842.00,000,25842.00
2005-07-20,25268.00,25795.00,24970.00,25705.00,000,25705.00
2005-07-19,25312.00,25312.00,24960.00,25271.00,000,25271.00
2005-07-18,25222.00,25412.00,24916.00,25321.00,000,25321.00
2005-07-15,25916.00,25916.00,25222.00,25222.00,000,25222.00
2005-07-14,25859.00,26142.00,25725.00,25920.00,000,25920.00
2005-07-13,25557.00,26043.00,25557.00,25856.00,000,25856.00
2005-07-12,25027.00,25576.00,24932.00,25536.00,000,25536.00
2005-07-11,24425.00,25032.00,24425.00,25016.00,000,25016.00
2005-07-08,24452.00,24657.00,24287.00,24423.00,000,24423.00
2005-07-07,24513.00,24603.00,24192.00,24450.00,000,24450.00
2005-07-06,24677.00,24677.00,24267.00,24517.00,000,24517.00
2005-07-05,25042.00,25059.00,24526.00,24675.00,000,24675.00
2005-07-04,25314.00,25314.00,24899.00,25045.00,000,25045.00
2005-07-01,25051.00,25409.00,25047.00,25311.00,000,25311.00
2005-06-30,25132.00,25279.00,25051.00,25051.00,000,25051.00
2005-06-29,25267.00,25451.00,25031.00,25126.00,000,25126.00
2005-06-28,25226.00,25454.00,25098.00,25261.00,000,25261.00
2005-06-27,24917.00,25306.00,24640.00,25226.00,000,25226.00
2005-06-24,24811.00,25011.00,24725.00,24917.00,000,24917.00
2005-06-23,25678.00,25704.00,24816.00,24816.00,000,24816.00
2005-06-22,25730.00,25755.00,25324.00,25678.00,000,25678.00
2005-06-21,26046.00,26130.00,25578.00,25722.00,000,25722.00
2005-06-20,26093.00,26142.00,25764.00,26046.00,000,26046.00
2005-06-17,25752.00,26267.00,25752.00,26093.00,000,26093.00
2005-06-16,25479.00,25895.00,25479.00,25751.00,000,25751.00
2005-06-15,25744.00,25744.00,24916.00,25481.00,000,25481.00
2005-06-14,24898.00,25789.00,24330.00,25744.00,000,25744.00
2005-06-13,24955.00,25309.00,24846.00,24902.00,000,24902.00
2005-06-10,24484.00,25049.00,24484.00,24951.00,000,24951.00
2005-06-09,24702.00,24702.00,24224.00,24484.00,000,24484.00
2005-06-08,25026.00,25423.00,24645.00,24702.00,000,24702.00
2005-06-07,25556.00,25556.00,24933.00,25026.00,000,25026.00
2005-06-06,26363.00,26363.00,25217.00,25556.00,000,25556.00
2005-06-03,26642.00,26692.00,26145.00,26366.00,000,26366.00
2005-06-02,25950.00,26755.00,25930.00,26640.00,000,26640.00
2005-06-01,25209.00,25993.00,25209.00,25949.00,000,25949.00
2005-05-31,25426.00,25633.00,25154.00,25207.00,000,25207.00
2005-05-30,25248.00,25616.00,25215.00,25424.00,000,25424.00
2005-05-27,24480.00,25270.00,24480.00,25255.00,000,25255.00
2005-05-25,24541.00,24682.00,24345.00,24478.00,000,24478.00
2005-05-24,24215.00,24583.00,24012.00,24545.00,000,24545.00
2005-05-23,24525.00,24586.00,24208.00,24215.00,000,24215.00
2005-05-20,24827.00,24836.00,24494.00,24522.00,000,24522.00
2005-05-19,24882.00,24882.00,24530.00,24829.00,000,24829.00
2005-05-18,24410.00,24967.00,24410.00,24898.00,000,24898.00
2005-05-17,24362.00,24513.00,24024.00,24413.00,000,24413.00
2005-05-16,23883.00,24381.00,23765.00,24379.00,000,24379.00
2005-05-13,24115.00,24260.00,23680.00,23887.00,000,23887.00
2005-05-12,24699.00,24923.00,23985.00,24117.00,000,24117.00
2005-05-11,24765.00,24837.00,24290.00,24699.00,000,24699.00
2005-05-10,25467.00,25530.00,24636.00,24763.00,000,24763.00
2005-05-09,25593.00,25623.00,25404.00,25465.00,000,25465.00
2005-05-06,25437.00,25808.00,25437.00,25589.00,000,25589.00
2005-05-05,25478.00,25697.00,25225.00,25436.00,000,25436.00
2005-05-04,24738.00,25560.00,24738.00,25474.00,000,25474.00
2005-05-03,24711.00,24926.00,24548.00,24716.00,000,24716.00
2005-05-02,24847.00,24904.00,24468.00,24705.00,000,24705.00
2005-04-29,24454.00,24858.00,24154.00,24844.00,000,24844.00
2005-04-28,25238.00,25238.00,24423.00,24440.00,000,24440.00
2005-04-27,25295.00,25295.00,24886.00,25242.00,000,25242.00
2005-04-26,25232.00,25563.00,25067.00,25305.00,000,25305.00
2005-04-25,24769.00,25297.00,24744.00,25232.00,000,25232.00
2005-04-22,25062.00,25428.00,24691.00,24767.00,000,24767.00
2005-04-20,25566.00,25692.00,24954.00,25062.00,000,25062.00
2005-04-19,24877.00,25566.00,24877.00,25566.00,000,25566.00
2005-04-18,24656.00,24965.00,24420.00,24877.00,000,24877.00
2005-04-15,25000.00,25115.00,24575.00,24656.00,000,24656.00
2005-04-14,26069.00,26113.00,24949.00,24984.00,000,24984.00
2005-04-13,26206.00,26579.00,26057.00,26066.00,000,26066.00
2005-04-12,25900.00,26324.00,25611.00,26206.00,000,26206.00
2005-04-11,25884.00,25943.00,25695.00,25900.00,000,25900.00
2005-04-08,26305.00,26310.00,25826.00,25885.00,000,25885.00
2005-04-07,25695.00,26308.00,25656.00,26308.00,000,26308.00
2005-04-06,26038.00,26254.00,25615.00,25695.00,000,25695.00
2005-04-05,26407.00,26724.00,25965.00,26038.00,000,26038.00
2005-04-04,26770.00,26770.00,26204.00,26407.00,000,26407.00
2005-04-01,26612.00,27178.00,26612.00,26774.00,000,26774.00
2005-03-31,26471.00,26768.00,26259.00,26611.00,000,26611.00
2005-03-30,25861.00,26470.00,25861.00,26470.00,000,26470.00
2005-03-29,26259.00,26620.00,25761.00,25842.00,000,25842.00
2005-03-28,26705.00,26705.00,26224.00,26257.00,000,26257.00
2005-03-24,26267.00,26827.00,26267.00,26702.00,000,26702.00
2005-03-23,26613.00,26792.00,26131.00,26248.00,000,26248.00
2005-03-22,27419.00,27844.00,26480.00,26618.00,000,26618.00
2005-03-21,27587.00,27633.00,27214.00,27411.00,000,27411.00
2005-03-18,28088.00,28174.00,27498.00,27593.00,000,27593.00
2005-03-17,27824.00,28162.00,27319.00,28086.00,000,28086.00
2005-03-16,27587.00,27841.00,27260.00,27827.00,000,27827.00
2005-03-15,28107.00,28300.00,27455.00,27588.00,000,27588.00
2005-03-14,28075.00,28135.00,27715.00,28099.00,000,28099.00
2005-03-11,28567.00,28932.00,28008.00,28075.00,000,28075.00
2005-03-10,28511.00,28682.00,28049.00,28567.00,000,28567.00
2005-03-09,29018.00,29058.00,28381.00,28514.00,000,28514.00
2005-03-08,29452.00,29452.00,28883.00,29021.00,000,29021.00
2005-03-07,29464.00,29584.00,29183.00,29455.00,000,29455.00
2005-03-04,28676.00,29228.00,28676.00,29197.00,000,29197.00
2005-03-03,28204.00,28766.00,28204.00,28668.00,000,28668.00
2005-03-02,27730.00,28200.00,27498.00,28200.00,000,28200.00
2005-03-01,28135.00,28137.00,27643.00,27730.00,000,27730.00
2005-02-28,28423.00,28555.00,27799.00,28139.00,000,28139.00
2005-02-25,28429.00,28778.00,28178.00,28425.00,000,28425.00
2005-02-24,27198.00,28436.00,27198.00,28436.00,000,28436.00
2005-02-23,26746.00,27198.00,26746.00,27198.00,000,27198.00
2005-02-22,26856.00,27329.00,26620.00,26740.00,000,26740.00
2005-02-21,26730.00,27094.00,26698.00,26853.00,000,26853.00
2005-02-18,27086.00,27184.00,26707.00,26756.00,000,26756.00
2005-02-17,26385.00,27159.00,26385.00,27091.00,000,27091.00
2005-02-16,26611.00,26683.00,26312.00,26384.00,000,26384.00
2005-02-15,26532.00,26660.00,26212.00,26610.00,000,26610.00
2005-02-14,26660.00,26753.00,26321.00,26532.00,000,26532.00
2005-02-11,26414.00,26786.00,26132.00,26671.00,000,26671.00
2005-02-10,26314.00,26456.00,25882.00,26416.00,000,26416.00
2005-02-09,25733.00,26314.00,25733.00,26314.00,000,26314.00
2005-02-04,24874.00,25736.00,24818.00,25732.00,000,25732.00
2005-02-03,24606.00,24896.00,24548.00,24874.00,000,24874.00
2005-02-02,24150.00,24624.00,24139.00,24605.00,000,24605.00
2005-02-01,24392.00,24506.00,24073.00,24149.00,000,24149.00
2005-01-31,23970.00,24399.00,23970.00,24351.00,000,24351.00
2005-01-28,24006.00,24056.00,23595.00,23968.00,000,23968.00
2005-01-27,24529.00,24529.00,23869.00,24030.00,000,24030.00
2005-01-26,24207.00,24555.00,24207.00,24530.00,000,24530.00
2005-01-24,23819.00,24302.00,23813.00,24198.00,000,24198.00
2005-01-21,23618.00,24006.00,23609.00,23818.00,000,23818.00
2005-01-20,24271.00,24271.00,23534.00,23610.00,000,23610.00
2005-01-19,24091.00,24465.00,24091.00,24271.00,000,24271.00
2005-01-18,24515.00,24515.00,24019.00,24089.00,000,24089.00
2005-01-17,24924.00,25022.00,24515.00,24515.00,000,24515.00
2005-01-14,24802.00,24966.00,24481.00,24924.00,000,24924.00
2005-01-13,24523.00,24919.00,24523.00,24806.00,000,24806.00
2005-01-12,24370.00,24560.00,23983.00,24510.00,000,24510.00
2005-01-11,24295.00,24457.00,24127.00,24370.00,000,24370.00
2005-01-10,24747.00,24825.00,24086.00,24292.00,000,24292.00
2005-01-07,24376.00,24874.00,24376.00,24747.00,000,24747.00
2005-01-06,24695.00,24808.00,24250.00,24367.00,000,24367.00
2005-01-05,24859.00,25001.00,24523.00,24692.00,000,24692.00
2005-01-04,25722.00,25873.00,24791.00,24848.00,000,24848.00
2005-01-03,26193.00,26492.00,25671.00,25722.00,000,25722.00
2004-12-30,26171.00,26270.00,26108.00,26196.00,000,26196.00
2004-12-29,26117.00,26245.00,26091.00,26161.00,000,26161.00
2004-12-28,25937.00,26145.00,25919.00,26117.00,000,26117.00
2004-12-27,25862.00,26084.00,25862.00,25937.00,000,25937.00
2004-12-23,25719.00,25971.00,25618.00,25878.00,000,25878.00
2004-12-22,25892.00,26075.00,25713.00,25723.00,000,25723.00
2004-12-21,25537.00,25898.00,25465.00,25890.00,000,25890.00
2004-12-20,25661.00,25772.00,25456.00,25537.00,000,25537.00
2004-12-17,25835.00,25835.00,25474.00,25659.00,000,25659.00
2004-12-16,25561.00,25877.00,25543.00,25831.00,000,25831.00
2004-12-15,25568.00,25919.00,25363.00,25576.00,000,25576.00
2004-12-14,25226.00,25568.00,25226.00,25563.00,000,25563.00
2004-12-13,24933.00,25260.00,24867.00,25225.00,000,25225.00
2004-12-10,24530.00,24954.00,24494.00,24933.00,000,24933.00
2004-12-09,24970.00,25053.00,24452.00,24526.00,000,24526.00
2004-12-08,24988.00,25041.00,24615.00,24968.00,000,24968.00
2004-12-07,25632.00,25667.00,24945.00,24989.00,000,24989.00
2004-12-06,25474.00,25709.00,25430.00,25633.00,000,25633.00
2004-12-03,25218.00,25604.00,25218.00,25468.00,000,25468.00
2004-12-02,25235.00,25360.00,25057.00,25200.00,000,25200.00
2004-12-01,25129.00,25381.00,25118.00,25235.00,000,25235.00
2004-11-30,24855.00,25160.00,24736.00,25128.00,000,25128.00
2004-11-29,25000.00,25084.00,24653.00,24855.00,000,24855.00
2004-11-26,24867.00,25072.00,24756.00,24998.00,000,24998.00
2004-11-25,24372.00,24872.00,24372.00,24867.00,000,24867.00
2004-11-24,24339.00,24641.00,24339.00,24368.00,000,24368.00
2004-11-23,24446.00,24684.00,24290.00,24340.00,000,24340.00
2004-11-22,24034.00,24508.00,23839.00,24445.00,000,24445.00
2004-11-19,24147.00,24361.00,23848.00,24034.00,000,24034.00
2004-11-18,24167.00,24325.00,23845.00,24143.00,000,24143.00
2004-11-17,23772.00,24289.00,23772.00,24170.00,000,24170.00
2004-11-16,24035.00,24035.00,23698.00,23772.00,000,23772.00
2004-11-12,23524.00,24035.00,23524.00,24035.00,000,24035.00
2004-11-11,23457.00,23521.00,23192.00,23521.00,000,23521.00
2004-11-10,23223.00,23479.00,23223.00,23455.00,000,23455.00
2004-11-09,23213.00,23305.00,23022.00,23216.00,000,23216.00
2004-11-08,23542.00,23542.00,23072.00,23212.00,000,23212.00
2004-11-05,23864.00,24000.00,23499.00,23542.00,000,23542.00
2004-11-04,23660.00,23963.00,23629.00,23880.00,000,23880.00
2004-11-03,23275.00,23770.00,23275.00,23660.00,000,23660.00
2004-11-01,23050.00,23309.00,22941.00,23273.00,000,23273.00
2004-10-29,22945.00,23089.00,22877.00,23052.00,000,23052.00
2004-10-28,23171.00,23171.00,22826.00,22929.00,000,22929.00
2004-10-27,22861.00,23228.00,22783.00,23171.00,000,23171.00
2004-10-26,22603.00,22849.00,22557.00,22849.00,000,22849.00
2004-10-25,22735.00,22735.00,22390.00,22603.00,000,22603.00
2004-10-22,23061.00,23326.00,22692.00,22735.00,000,22735.00
2004-10-21,22873.00,23116.00,22779.00,23059.00,000,23059.00
2004-10-20,22893.00,22929.00,22565.00,22873.00,000,22873.00
2004-10-19,23411.00,23621.00,22887.00,22893.00,000,22893.00
2004-10-18,23368.00,23448.00,23021.00,23411.00,000,23411.00
2004-10-15,22961.00,23422.00,22961.00,23368.00,000,23368.00
2004-10-14,23287.00,23287.00,22865.00,22959.00,000,22959.00
2004-10-13,23953.00,24066.00,23068.00,23289.00,000,23289.00
2004-10-11,23928.00,24091.00,23921.00,23954.00,000,23954.00
2004-10-08,24120.00,24346.00,23914.00,23927.00,000,23927.00
2004-10-07,24014.00,24141.00,23814.00,24104.00,000,24104.00
2004-10-06,24205.00,24205.00,23899.00,24027.00,000,24027.00
2004-10-05,24150.00,24362.00,23946.00,24205.00,000,24205.00
2004-10-04,23784.00,24173.00,23784.00,24150.00,000,24150.00
2004-10-01,23246.00,23777.00,23246.00,23777.00,000,23777.00
2004-09-30,23210.00,23423.00,23183.00,23245.00,000,23245.00
2004-09-29,23230.00,23287.00,23069.00,23208.00,000,23208.00
2004-09-28,22834.00,23275.00,22593.00,23231.00,000,23231.00
2004-09-27,22981.00,22981.00,22733.00,22834.00,000,22834.00
2004-09-24,22944.00,23110.00,22892.00,22972.00,000,22972.00
2004-09-23,22749.00,23006.00,22749.00,22944.00,000,22944.00
2004-09-22,23106.00,23207.00,22697.00,22749.00,000,22749.00
2004-09-21,23078.00,23268.00,22916.00,23106.00,000,23106.00
2004-09-20,23079.00,23485.00,23078.00,23078.00,000,23078.00
2004-09-17,22876.00,23190.00,22876.00,23074.00,000,23074.00
2004-09-16,22346.00,22897.00,22346.00,22876.00,000,22876.00
2004-09-15,22310.00,22577.00,22213.00,22344.00,000,22344.00
2004-09-14,21810.00,22348.00,21741.00,22309.00,000,22309.00
2004-09-13,21970.00,22226.00,21739.00,21809.00,000,21809.00
2004-09-10,22276.00,22299.00,21846.00,21968.00,000,21968.00
2004-09-09,22536.00,22622.00,22071.00,22286.00,000,22286.00
2004-09-08,22508.00,22977.00,22508.00,22534.00,000,22534.00
2004-09-06,22416.00,22537.00,22416.00,22502.00,000,22502.00
2004-09-03,22688.00,22769.00,22378.00,22415.00,000,22415.00
2004-09-02,22516.00,22768.00,22267.00,22688.00,000,22688.00
2004-09-01,22803.00,22971.00,22363.00,22513.00,000,22513.00
2004-08-31,22886.00,23071.00,22685.00,22803.00,000,22803.00
2004-08-30,22600.00,22869.00,22316.00,22869.00,000,22869.00
2004-08-27,22583.00,22801.00,22504.00,22597.00,000,22597.00
2004-08-26,23047.00,23047.00,22479.00,22582.00,000,22582.00
2004-08-25,22870.00,23166.00,22745.00,23058.00,000,23058.00
2004-08-24,22863.00,23111.00,22743.00,22870.00,000,22870.00
2004-08-23,23205.00,23241.00,22773.00,22852.00,000,22852.00
2004-08-20,22935.00,23381.00,22919.00,23196.00,000,23196.00
2004-08-19,22779.00,23285.00,22772.00,22935.00,000,22935.00
2004-08-18,22059.00,22779.00,21898.00,22779.00,000,22779.00
2004-08-17,21767.00,22159.00,21767.00,22061.00,000,22061.00
2004-08-16,21404.00,21829.00,21361.00,21764.00,000,21764.00
2004-08-13,21570.00,21706.00,21307.00,21401.00,000,21401.00
2004-08-12,21574.00,21723.00,21484.00,21570.00,000,21570.00
2004-08-11,21736.00,21736.00,21411.00,21570.00,000,21570.00
2004-08-10,21261.00,21737.00,21261.00,21737.00,000,21737.00
2004-08-09,21653.00,21745.00,21243.00,21261.00,000,21261.00
2004-08-06,21341.00,21702.00,21194.00,21653.00,000,21653.00
2004-08-05,22174.00,22244.00,21178.00,21330.00,000,21330.00
2004-08-04,22370.00,22523.00,22159.00,22178.00,000,22178.00
2004-08-03,22453.00,22600.00,22340.00,22373.00,000,22373.00
2004-08-02,22342.00,22493.00,21929.00,22448.00,000,22448.00
